station_id,historical_station_idx_lookup__NSE,historical_station_idx_lookup__KGE,historical_station_idx_lookup__snow_pbm_gate_mean,historical_station_idx_lookup__runoff_pbm_gate_mean,historical_station_idx_lookup__et_pbm_gate_mean,historical_station_idx_lookup__drainage_pbm_gate_mean,forced_raw_zero__NSE,forced_raw_zero__KGE,forced_raw_zero__snow_pbm_gate_mean,forced_raw_zero__runoff_pbm_gate_mean,forced_raw_zero__et_pbm_gate_mean,forced_raw_zero__drainage_pbm_gate_mean,recovered_precomputed__NSE,recovered_precomputed__KGE,recovered_precomputed__snow_pbm_gate_mean,recovered_precomputed__runoff_pbm_gate_mean,recovered_precomputed__et_pbm_gate_mean,recovered_precomputed__drainage_pbm_gate_mean,corr_historical_zero,corr_recovered_zero,corr_recovered_historical,median_abs_daily_historical_zero,median_abs_daily_recovered_zero,median_abs_daily_recovered_historical,max_abs_daily_historical_zero,max_abs_daily_recovered_zero
camels_01013500,0.9798475711472147,0.9366579424062302,0.049928101854924016,0.020418841843672746,0.0010163732039275566,0.0057598036636445395,0.9798475711472147,0.9366579424062302,0.049928101854924016,0.020418841843672746,0.0010163732039275566,0.0057598036636445395,0.9798525551139505,0.9366802777505211,0.049928101854924016,0.020418841843672746,0.0010163732039275566,0.0057598036636445395,0.9999999999999998,0.9999999993673355,0.9999999993673355,0.0,1.8402155384400487e-05,1.8402155384400487e-05,0.0,0.0016302196815569658
camels_01022500,0.8788342030613595,0.9248340939825949,0.032982030795021905,0.01846540694788068,0.0012881199196434407,0.008566507026099773,0.8788342030613595,0.9248340939825949,0.032982030795021905,0.01846540694788068,0.0012881199196434407,0.008566507026099773,0.8788365431127526,0.924849780966443,0.032982030795021905,0.01846540694788068,0.0012881199196434407,0.008566507026099773,1.0,0.9999999979827009,0.9999999979827009,0.0,2.0578006558302775e-05,2.0578006558302775e-05,0.0,0.005394330045337625
camels_01030500,0.9504469843993683,0.92595275459824,0.042068699649091185,0.028679178017389943,0.0012650234945889177,0.017496237068098892,0.9504469843993683,0.92595275459824,0.042068699649091185,0.028679178017389943,0.0012650234945889177,0.017496237068098892,0.9504557620425694,0.9259896883244442,0.042068699649091185,0.028679178017389943,0.0012650234945889177,0.017496237068098892,1.0,0.9999999990706142,0.9999999990706142,0.0,3.747831272571389e-05,3.747831272571389e-05,0.0,0.002456747466961451
camels_01031500,0.8516614454636748,0.893330759546583,0.047835571722374966,0.029418496524586397,0.0014328547471918877,0.01594990407235724,0.8516614454636748,0.893330759546583,0.047835571722374966,0.029418496524586397,0.0014328547471918877,0.01594990407235724,0.8516576747802569,0.8933368355012602,0.047835571722374966,0.029418496524586397,0.0014328547471918877,0.01594990407235724,0.9999999999999999,0.9999999979492723,0.9999999979492723,0.0,2.3321131122244765e-05,2.3321131122244765e-05,0.0,0.004874208341806963
camels_01047000,0.7820562859950818,0.8753156484096731,0.047490110261928724,0.019454309954846365,0.00129530940046175,0.006903231700100231,0.7820562859950818,0.8753156484096731,0.047490110261928724,0.019454309954846365,0.00129530940046175,0.006903231700100231,0.7820472386176106,0.8753181979485438,0.047490110261928724,0.019454309954846365,0.00129530940046175,0.006903231700100231,0.9999999999999999,0.9999999981609183,0.9999999981609183,0.0,2.6265461828600678e-05,2.6265461828600678e-05,0.0,0.005378178559336533
camels_01052500,0.7931436537142411,0.8642657043096778,0.05529670637954805,0.019341697460739413,0.0013328932119915015,0.007711641977089656,0.7931436537142411,0.8642657043096778,0.05529670637954805,0.019341697460739413,0.0013328932119915015,0.007711641977089656,0.7931355044439745,0.8642616950792782,0.05529670637954805,0.019341697460739413,0.0013328932119915015,0.007711641977089656,1.0,0.9999999985780526,0.9999999985780526,0.0,2.087460532251839e-05,2.087460532251839e-05,0.0,0.0024460043356664407
camels_01054200,0.5630475506681265,0.6264052147482213,0.0480948581656868,0.014265757787058369,0.001243793940205603,0.004050933952022034,0.5630475506681265,0.6264052147482213,0.0480948581656868,0.014265757787058369,0.001243793940205603,0.004050933952022034,0.5630333622382018,0.626393757759614,0.0480948581656868,0.014265757787058369,0.001243793940205603,0.004050933952022034,1.0,0.9999999985335079,0.9999999985335079,0.0,2.3031896410952157e-05,2.3031896410952157e-05,0.0,0.003948215206444061
camels_01055000,0.6134054510374131,0.7448911384385996,0.05199671391299482,0.022172420261839583,0.0013994450985055425,0.009688772487833824,0.6134054510374131,0.7448911384385996,0.05199671391299482,0.022172420261839583,0.0013994450985055425,0.009688772487833824,0.6133873131475731,0.7448786497757898,0.05199671391299482,0.022172420261839583,0.0013994450985055425,0.009688772487833824,1.0,0.9999999985860442,0.9999999985860442,0.0,1.9921579570203463e-05,1.9921579570203463e-05,0.0,0.0037437501936326
camels_01057000,0.7445805328075257,0.8562101591564082,0.042080024579959276,0.024216893720336665,0.001410847116435517,0.012557609279547454,0.7445805328075257,0.8562101591564082,0.042080024579959276,0.024216893720336665,0.001410847116435517,0.012557609279547454,0.7445708255933357,0.8562123699824454,0.042080024579959276,0.024216893720336665,0.001410847116435517,0.012557609279547454,0.9999999999999999,0.9999999981070804,0.9999999981070804,0.0,1.9365968745521656e-05,1.9365968745521656e-05,0.0,0.0032683736523591023
camels_01073000,0.8211812514594824,0.839754856672128,0.03503681051320043,0.045448103589411926,0.0018301535571564526,0.033156625155744884,0.8211812514594824,0.839754856672128,0.03503681051320043,0.045448103589411926,0.0018301535571564526,0.033156625155744884,0.8211725345839734,0.8397529275105453,0.03503681051320043,0.045448103589411926,0.0018301535571564526,0.033156625155744884,1.0,0.9999999981480944,0.9999999981480944,0.0,1.9102560222528098e-05,1.9102560222528098e-05,0.0,0.003184926306014191
camels_01078000,0.8285662167856458,0.8707387983210751,0.040923851740529524,0.030684627045482457,0.0015084540868144007,0.01745544205330932,0.8285662167856458,0.8707387983210751,0.040923851740529524,0.030684627045482457,0.0015084540868144007,0.01745544205330932,0.8285638054618185,0.8707557863579377,0.040923851740529524,0.030684627045482457,0.0015084540868144007,0.01745544205330932,0.9999999999999998,0.9999999989347357,0.9999999989347357,0.0,2.4577623837895857e-05,2.4577623837895857e-05,0.0,0.0015403020918252075
camels_01118300,0.7954222137774669,0.8864379857396689,0.03211725169214709,0.05173118235373352,0.0019165570063716742,0.038355919023556354,0.7954222137774669,0.8864379857396689,0.03211725169214709,0.05173118235373352,0.0019165570063716742,0.038355919023556354,0.7954169774553506,0.8864382138749016,0.03211725169214709,0.05173118235373352,0.0019165570063716742,0.038355919023556354,1.0,0.9999999993331649,0.9999999993331649,0.0,1.7054872324617776e-05,1.7054872324617776e-05,0.0,0.003323561533864705
camels_01121000,0.734039278347527,0.7851734111674474,0.03658364239860983,0.053390790772970015,0.0019151528515148357,0.03830710637400165,0.734039278347527,0.7851734111674474,0.03658364239860983,0.053390790772970015,0.0019151528515148357,0.03830710637400165,0.7340344373893898,0.7851725053292794,0.03658364239860983,0.053390790772970015,0.0019151528515148357,0.03830710637400165,0.9999999999999998,0.9999999992946537,0.9999999992946537,0.0,2.3510500771317666e-05,2.3510500771317666e-05,0.0,0.0022604393299685555
camels_01123000,0.7488187268250865,0.8036323875216265,0.03227294240955407,0.0404834244362481,0.001721508265992449,0.02618014972060012,0.7488187268250865,0.8036323875216265,0.03227294240955407,0.0404834244362481,0.001721508265992449,0.02618014972060012,0.7488150783635541,0.8036295831644867,0.03227294240955407,0.0404834244362481,0.001721508265992449,0.02618014972060012,1.0,0.999999999087581,0.999999999087581,0.0,1.2695066415435718e-05,1.2695066415435718e-05,0.0,0.0018104233395903613
camels_01134500,0.7541495710082812,0.8320255538900708,0.0506415160142384,0.021681529077990303,0.001422865613237114,0.010514292030257095,0.7541495710082812,0.8320255538900708,0.0506415160142384,0.021681529077990303,0.001422865613237114,0.010514292030257095,0.7541465424966267,0.8320209802588163,0.0506415160142384,0.021681529077990303,0.001422865613237114,0.010514292030257095,1.0,0.9999999981239168,0.9999999981239168,0.0,2.1424134241332382e-05,2.1424134241332382e-05,0.0,0.0033016455386487564
camels_01137500,0.6624744573069543,0.7931670523004989,0.04673563432983646,0.007604559343194865,0.0010813804838285001,0.0005951680409255424,0.6624744573069543,0.7931670523004989,0.04673563432983646,0.007604559343194865,0.0010813804838285001,0.0005951680409255424,0.6624639950148669,0.793162134241824,0.04673563432983646,0.007604559343194865,0.0010813804838285001,0.0005951680409255424,1.0,0.9999999985973771,0.9999999985973771,0.0,2.7692567408532653e-05,2.7692567408532653e-05,0.0,0.0024745887784138887
camels_01139000,0.7563762751807042,0.868304650862586,0.0443641337613305,0.01822460940595089,0.0013379288493498827,0.007488863946941755,0.7563762751807042,0.868304650862586,0.0443641337613305,0.01822460940595089,0.0013379288493498827,0.007488863946941755,0.756370328989017,0.8683157823675558,0.0443641337613305,0.01822460940595089,0.0013379288493498827,0.007488863946941755,1.0,0.9999999982020185,0.9999999982020185,0.0,3.187979625263182e-05,3.187979625263182e-05,0.0,0.0032421318935575982
camels_01139800,0.7248828530605218,0.846919425495088,0.04256643484862291,0.01690818813703123,0.0013361525100336598,0.007983306165157418,0.7248828530605218,0.846919425495088,0.04256643484862291,0.01690818813703123,0.0013361525100336598,0.007983306165157418,0.7248677070782116,0.846921153340412,0.04256643484862291,0.01690818813703123,0.0013361525100336598,0.007983306165157418,1.0,0.9999999993075146,0.9999999993075146,0.0,1.672250003093012e-05,1.672250003093012e-05,0.0,0.0017373872183585881
camels_01142500,0.7263823062493249,0.8490748681957337,0.041251309067917644,0.014817952819576612,0.0012723404785682415,0.005891879818744157,0.7263823062493249,0.8490748681957337,0.041251309067917644,0.014817952819576612,0.0012723404785682415,0.005891879818744157,0.7263679553096222,0.8490773965165751,0.041251309067917644,0.014817952819576612,0.0012723404785682415,0.005891879818744157,1.0,0.9999999989188287,0.9999999989188287,0.0,1.479901420786689e-05,1.479901420786689e-05,0.0,0.0023288994411174713
camels_01144000,0.7209638856116363,0.8361273307917951,0.04098465244378328,0.014102273055070795,0.0012620888181922403,0.005037948422693094,0.7209638856116363,0.8361273307917951,0.04098465244378328,0.014102273055070795,0.0012620888181922403,0.005037948422693094,0.7209513185061573,0.8361219831346622,0.04098465244378328,0.014102273055070795,0.0012620888181922403,0.005037948422693094,1.0,0.9999999984902316,0.9999999984902316,0.0,1.9026776321595662e-05,1.9026776321595662e-05,0.0,0.002413478875617159
camels_01162500,0.8644427281324849,0.9109770790310024,0.03513134962163155,0.037817572386704884,0.0015342192282299483,0.02611996842204436,0.8644427281324849,0.9109770790310024,0.03513134962163155,0.037817572386704884,0.0015342192282299483,0.02611996842204436,0.8644443446901614,0.9109868109221488,0.03513134962163155,0.037817572386704884,0.0015342192282299483,0.02611996842204436,1.0,0.9999999989610354,0.9999999989610354,0.0,3.351076958102439e-05,3.351076958102439e-05,0.0,0.003065995021458434
camels_01169000,0.5440100691841643,0.677055965884749,0.037260985616254516,0.02295422505655347,0.0014749428321575297,0.01352200266313843,0.5440100691841643,0.677055965884749,0.037260985616254516,0.02295422505655347,0.0014749428321575297,0.01352200266313843,0.5439743037291731,0.6770354522974285,0.037260985616254516,0.02295422505655347,0.0014749428321575297,0.01352200266313843,1.0,0.9999999985568786,0.9999999985568786,0.0,1.3312060463288589e-05,1.3312060463288589e-05,0.0,0.005248075819219267
camels_01170100,0.5612908770468976,0.7444703294091968,0.035617221731684995,0.02132750486021835,0.001439885677237056,0.01206580755918553,0.5612908770468976,0.7444703294091968,0.035617221731684995,0.02132750486021835,0.001439885677237056,0.01206580755918553,0.5612632645435383,0.7444566614352182,0.035617221731684995,0.02132750486021835,0.001439885677237056,0.01206580755918553,1.0,0.9999999986305771,0.9999999986305771,0.0,2.824861688521807e-05,2.824861688521807e-05,0.0,0.003243062439595157
camels_01181000,0.4099832356917398,0.5019506688833527,0.03532359527525989,0.025982804907746536,0.0015163416552978887,0.016232748592601102,0.4099832356917398,0.5019506688833527,0.03532359527525989,0.025982804907746536,0.0015163416552978887,0.016232748592601102,0.4099231843911767,0.5019147608975447,0.03532359527525989,0.025982804907746536,0.0015163416552978887,0.016232748592601102,1.0,0.9999999971277059,0.9999999971277059,0.0,3.238758119050722e-05,3.238758119050722e-05,0.0,0.009294366205463866
camels_01187300,0.552832380861692,0.6207670041251367,0.041041738266393575,0.0508851351167319,0.0018552464839169268,0.0335612654927778,0.552832380861692,0.6207670041251367,0.041041738266393575,0.0508851351167319,0.0018552464839169268,0.0335612654927778,0.5528036230308351,0.6207520675568963,0.041041738266393575,0.0508851351167319,0.0018552464839169268,0.0335612654927778,0.9999999999999999,0.999999997303877,0.999999997303877,0.0,1.5249179357634812e-05,1.5249179357634812e-05,0.0,0.005422052217115336
camels_01333000,0.7592091974792241,0.8542400629688778,0.034191935928066165,0.021888068239780758,0.0013705788471152283,0.012725756086152175,0.7592091974792241,0.8542400629688778,0.034191935928066165,0.021888068239780758,0.0013705788471152283,0.012725756086152175,0.7591994853931662,0.8542350235254939,0.034191935928066165,0.021888068239780758,0.0013705788471152283,0.012725756086152175,1.0,0.9999999993761447,0.9999999993761447,0.0,2.619926139812989e-05,2.619926139812989e-05,0.0,0.0013113389478469628
camels_01350140,0.6075824776341492,0.7413877489541377,0.048239426680559076,0.056281152071382165,0.0019249128279773024,0.04044445107481301,0.6075824776341492,0.7413877489541377,0.048239426680559076,0.056281152071382165,0.0019249128279773024,0.04044445107481301,0.6075620755202281,0.7413827140262136,0.048239426680559076,0.056281152071382165,0.0019249128279773024,0.04044445107481301,1.0,0.9999999987259454,0.9999999987259454,0.0,3.4330863059039984e-06,3.4330863059039984e-06,0.0,0.0032973867095749676
camels_01411300,0.8718116211682456,0.9066164473505888,0.0191221867807013,0.03864711041866403,0.00167646698245654,0.024745042812509905,0.8718116211682456,0.9066164473505888,0.0191221867807013,0.03864711041866403,0.00167646698245654,0.024745042812509905,0.8718240522085283,0.9066317438086935,0.0191221867807013,0.03864711041866403,0.00167646698245654,0.024745042812509905,1.0,0.999999999161685,0.999999999161685,0.0,1.967953612447282e-05,1.967953612447282e-05,0.0,0.0016293970312410977
camels_01414500,0.6769064839198953,0.7519156685188345,0.04129262309045385,0.033803417523057176,0.0014524794253567895,0.01928678129555971,0.6769064839198953,0.7519156685188345,0.04129262309045385,0.033803417523057176,0.0014524794253567895,0.01928678129555971,0.6768861039783916,0.7519049752849627,0.04129262309045385,0.033803417523057176,0.0014524794253567895,0.01928678129555971,1.0,0.9999999992729296,0.9999999992729296,0.0,1.4277592354616786e-05,1.4277592354616786e-05,0.0,0.004023284209504041
camels_01415000,0.6600853315959845,0.7836885985137811,0.04312238712581611,0.042977450295345776,0.00163769136819588,0.02802212078721238,0.6600853315959845,0.7836885985137811,0.04312238712581611,0.042977450295345776,0.00163769136819588,0.02802212078721238,0.660071224720562,0.7836868886020452,0.04312238712581611,0.042977450295345776,0.00163769136819588,0.02802212078721238,0.9999999999999999,0.9999999989267063,0.9999999989267063,0.0,1.175474121950515e-05,1.175474121950515e-05,0.0,0.0016782189115023272
camels_01439500,0.8686217595371305,0.9004480664844267,0.027183274274907295,0.0238102214573363,0.0013606681543238022,0.014960975724349884,0.8686217595371305,0.9004480664844267,0.027183274274907295,0.0238102214573363,0.0013606681543238022,0.014960975724349884,0.8686184849463265,0.9004417132528854,0.027183274274907295,0.0238102214573363,0.0013606681543238022,0.014960975724349884,1.0,0.9999999989938761,0.9999999989938761,0.0,3.3128916939073605e-05,3.3128916939073605e-05,0.0,0.0025465654648115787
camels_01440000,0.7070208566714705,0.7310410263240945,0.028227877278356957,0.025339275924961175,0.0014846990848409718,0.015331982502347316,0.7070208566714705,0.7310410263240945,0.028227877278356957,0.025339275924961175,0.0014846990848409718,0.015331982502347316,0.7070068343576704,0.7310245496560626,0.028227877278356957,0.025339275924961175,0.0014846990848409718,0.015331982502347316,1.0,0.9999999978579784,0.9999999978579784,0.0,2.833930185408562e-05,2.833930185408562e-05,0.0,0.005620663964313266
camels_01440400,0.7620974349319964,0.8590474792945562,0.02778010803594067,0.021109325261918818,0.0013636099155727797,0.012336751461996268,0.7620974349319964,0.8590474792945562,0.02778010803594067,0.021109325261918818,0.0013636099155727797,0.012336751461996268,0.7620847685727699,0.8590420791994159,0.02778010803594067,0.021109325261918818,0.0013636099155727797,0.012336751461996268,0.9999999999999999,0.9999999976006372,0.9999999976006372,0.0,4.11537819842156e-05,4.11537819842156e-05,0.0,0.003642438782680557
camels_01451800,0.714002291986624,0.8167177228107064,0.0316022733645797,0.029042675335557176,0.0018385479706537894,0.01782703709167109,0.714002291986624,0.8167177228107064,0.0316022733645797,0.029042675335557176,0.0018385479706537894,0.01782703709167109,0.7139940340623805,0.8167103885662208,0.0316022733645797,0.029042675335557176,0.0018385479706537894,0.01782703709167109,1.0,0.9999999986326648,0.9999999986326648,0.0,2.416113243497442e-05,2.416113243497442e-05,0.0,0.00237453494518558
camels_01466500,0.7263184035307977,0.846522193972084,0.022208758928712918,0.03109994698731459,0.0015996474039723858,0.013150433739590597,0.7263184035307977,0.846522193972084,0.022208758928712918,0.03109994698731459,0.0015996474039723858,0.013150433739590597,0.726329689910405,0.8465242076667786,0.022208758928712918,0.03109994698731459,0.0015996474039723858,0.013150433739590597,1.0,0.9999999990509144,0.9999999990509144,0.0,9.82003976890411e-06,9.82003976890411e-06,0.0,0.0007752685888213762
camels_01484100,0.4641855781088783,0.5813412000149485,0.025122319467169276,0.03732254732453073,0.0021483314448389516,0.028333535107347593,0.4641855781088783,0.5813412000149485,0.025122319467169276,0.03732254732453073,0.0021483314448389516,0.028333535107347593,0.4641745500820983,0.58133341628606,0.025122319467169276,0.03732254732453073,0.0021483314448389516,0.028333535107347593,1.0,0.9999999989092668,0.9999999989092668,0.0,1.1906069817158027e-05,1.1906069817158027e-05,0.0,0.0018569623209256925
camels_01485500,0.7813114683062936,0.756602622066709,0.03194885292594863,0.09154731023142353,0.002558503044546255,0.07679757510914523,0.7813114683062936,0.756602622066709,0.03194885292594863,0.09154731023142353,0.002558503044546255,0.07679757510914523,0.7813135310947359,0.7566089560335685,0.03194885292594863,0.09154731023142353,0.002558503044546255,0.07679757510914523,0.9999999999999999,0.999999999162542,0.999999999162542,0.0,0.0,0.0,0.0,0.0010875291402121512
camels_01486000,0.6664878019710796,0.7610544547313283,0.02674156096112172,0.07613786925650513,0.0023023823937344504,0.061405625256273376,0.6664878019710796,0.7610544547313283,0.02674156096112172,0.07613786925650513,0.0023023823937344504,0.061405625256273376,0.6664692480176876,0.7610520728941326,0.02674156096112172,0.07613786925650513,0.0023023823937344504,0.061405625256273376,1.0,0.9999999990193399,0.9999999990193399,0.0,3.930441491384329e-06,3.930441491384329e-06,0.0,0.0015787271207017284
camels_01487000,0.801357272961678,0.8669591943368659,0.021663011160148328,0.02783562232708109,0.0018866204344960304,0.01755627792698858,0.801357272961678,0.8669591943368659,0.021663011160148328,0.02783562232708109,0.0018866204344960304,0.01755627792698858,0.8013587273294308,0.8669562056274897,0.021663011160148328,0.02783562232708109,0.0018866204344960304,0.01755627792698858,1.0,0.9999999987685053,0.9999999987685053,0.0,1.744849045293151e-05,1.744849045293151e-05,0.0,0.0009506765434377229
camels_01491000,0.5414072219386363,0.48734605738251857,0.026334556749819743,0.051688407449161304,0.002138018704814795,0.04222225939768081,0.5414072219386363,0.48734605738251857,0.026334556749819743,0.051688407449161304,0.002138018704814795,0.04222225939768081,0.5414047800330346,0.4873386009563697,0.026334556749819743,0.051688407449161304,0.002138018704814795,0.04222225939768081,1.0,0.9999999959054894,0.9999999959054894,0.0,1.1129548834754033e-05,1.1129548834754033e-05,0.0,0.0047806707313773344
camels_01510000,0.7637917221863758,0.8376221862690765,0.038977497247846805,0.03110973230481873,0.0015403898927793059,0.020975915607042293,0.7637917221863758,0.8376221862690765,0.038977497247846805,0.03110973230481873,0.0015403898927793059,0.020975915607042293,0.7637837799383277,0.8376157682159264,0.038977497247846805,0.03110973230481873,0.0015403898927793059,0.020975915607042293,1.0,0.999999998418003,0.999999998418003,0.0,2.8930541955851652e-05,2.8930541955851652e-05,0.0,0.0018349970293725093
camels_01516500,0.6045285198577502,0.6695463487995201,0.05100901605633161,0.08712508412452064,0.0022399760163096336,0.07163427635332151,0.6045285198577502,0.6695463487995201,0.05100901605633161,0.08712508412452064,0.0022399760163096336,0.07163427635332151,0.6045187813599461,0.6695467269839701,0.05100901605633161,0.08712508412452064,0.0022399760163096336,0.07163427635332151,0.9999999999999998,0.9999999987080868,0.9999999987080868,0.0,0.0,0.0,0.0,0.0036021458896200453
camels_01532000,0.6333619646361923,0.6248034479554985,0.043824559147894744,0.06741151326084717,0.002009264257326571,0.05593821620360833,0.6333619646361923,0.6248034479554985,0.043824559147894744,0.06741151326084717,0.002009264257326571,0.05593821620360833,0.6333520985109018,0.6247981007379022,0.043824559147894744,0.06741151326084717,0.002009264257326571,0.05593821620360833,1.0,0.999999998202185,0.999999998202185,0.0,1.5761838013439444e-05,1.5761838013439444e-05,0.0,0.003023410027564344
camels_01539000,0.6864284147982254,0.6922507332686665,0.03199422731844455,0.037910427379801596,0.0016309451138030201,0.02639358551458703,0.6864284147982254,0.6922507332686665,0.03199422731844455,0.037910427379801596,0.0016309451138030201,0.02639358551458703,0.6864232706496085,0.6922445578381641,0.03199422731844455,0.037910427379801596,0.0016309451138030201,0.02639358551458703,1.0,0.9999999984867268,0.9999999984867268,0.0,8.945930932036106e-06,8.945930932036106e-06,0.0,0.003358890067625353
camels_01542810,0.6976125284870587,0.7217021245878781,0.04459255752408722,0.061090236454899846,0.001973595773956113,0.04680214547240468,0.6976125284870587,0.7217021245878781,0.04459255752408722,0.061090236454899846,0.001973595773956113,0.04680214547240468,0.6976080183001516,0.7217001571394409,0.04459255752408722,0.061090236454899846,0.001973595773956113,0.04680214547240468,0.9999999999999998,0.999999998919483,0.999999998919483,0.0,5.198003381723382e-06,5.198003381723382e-06,0.0,0.0016578658046446648
camels_01543000,0.7624381099568258,0.7772415389695041,0.04124569535013628,0.053362687364311295,0.0018637919280882055,0.04053044967187104,0.7624381099568258,0.7772415389695041,0.04124569535013628,0.053362687364311295,0.0018637919280882055,0.04053044967187104,0.7624349458433509,0.7772408340378847,0.04124569535013628,0.053362687364311295,0.0018637919280882055,0.04053044967187104,0.9999999999999998,0.999999999284682,0.999999999284682,0.0,0.0,0.0,0.0,0.001223845703317128
camels_01543500,0.8069281744611705,0.8281035432203285,0.03960856192010411,0.05119274750684386,0.001805591051283521,0.040224355422942684,0.8069281744611705,0.8281035432203285,0.03960856192010411,0.05119274750684386,0.001805591051283521,0.040224355422942684,0.8069256280070187,0.8281057767038966,0.03960856192010411,0.05119274750684386,0.001805591051283521,0.040224355422942684,1.0,0.9999999993281843,0.9999999993281843,0.0,9.045006329699845e-06,9.045006329699845e-06,0.0,0.001011153302614698
camels_01544500,0.8107203051673874,0.8473995081988126,0.03966168448117394,0.04849175072103195,0.0016616259578758998,0.03577410908789954,0.8107203051673874,0.8473995081988126,0.03966168448117394,0.04849175072103195,0.0016616259578758998,0.03577410908789954,0.8107172590614933,0.8473998084122238,0.03966168448117394,0.04849175072103195,0.0016616259578758998,0.03577410908789954,1.0,0.999999999059551,0.999999999059551,0.0,1.6898631178374757e-05,1.6898631178374757e-05,0.0,0.0015297435913717017
camels_01545600,0.8201055304757124,0.8443883864890039,0.03996292330914047,0.0523444386573157,0.0016609853469817682,0.03780777101342625,0.8201055304757124,0.8443883864890039,0.03996292330914047,0.0523444386573157,0.0016609853469817682,0.03780777101342625,0.8201036817619047,0.8443878451844604,0.03996292330914047,0.0523444386573157,0.0016609853469817682,0.03780777101342625,1.0,0.9999999987973777,0.9999999987973777,0.0,1.0093857079063184e-05,1.0093857079063184e-05,0.0,0.0011587038196410049
camels_01547700,0.709118093105142,0.718445118780545,0.0445262707754758,0.07297006107972553,0.0020577457323519258,0.05780708049905711,0.709118093105142,0.718445118780545,0.0445262707754758,0.07297006107972553,0.0020577457323519258,0.05780708049905711,0.7091130584060554,0.7184434543537115,0.0445262707754758,0.07297006107972553,0.0020577457323519258,0.05780708049905711,1.0,0.9999999989090961,0.9999999989090961,0.0,1.0061584411857893e-05,1.0061584411857893e-05,0.0,0.0011701641644430438
camels_01548500,0.8325095908931912,0.8791523454500553,0.04093174808649214,0.05125567066742005,0.001714656270783523,0.038303036331888626,0.8325095908931912,0.8791523454500553,0.04093174808649214,0.05125567066742005,0.001714656270783523,0.038303036331888626,0.8325066026193579,0.8791600173854841,0.04093174808649214,0.05125567066742005,0.001714656270783523,0.038303036331888626,1.0,0.9999999994365546,0.9999999994365546,0.0,1.2416875916354542e-05,1.2416875916354542e-05,0.0,0.0010109626403185246
camels_01549500,0.7045346427257282,0.7852206976739352,0.04224463689157977,0.06098872991411004,0.0018738133912154192,0.04775993780480437,0.7045346427257282,0.7852206976739352,0.04224463689157977,0.06098872991411004,0.0018738133912154192,0.04775993780480437,0.7045232007598109,0.7852179422346831,0.04224463689157977,0.06098872991411004,0.0018738133912154192,0.04775993780480437,1.0,0.9999999990334377,0.9999999990334377,0.0,5.328437490792481e-06,5.328437490792481e-06,0.0,0.00319617852648002
camels_01550000,0.7314304942875836,0.7930974374872639,0.03779196129851119,0.046642213709214154,0.0016903169014874627,0.035246029248344,0.7314304942875836,0.7930974374872639,0.03779196129851119,0.046642213709214154,0.0016903169014874627,0.035246029248344,0.7314225110216384,0.7930936382652568,0.03779196129851119,0.046642213709214154,0.0016903169014874627,0.035246029248344,1.0,0.9999999993160662,0.9999999993160662,0.0,9.283683681360344e-06,9.283683681360344e-06,0.0,0.0015803306267483386
camels_01552000,0.7018809891277062,0.7432138689715511,0.03487953588396734,0.036344595516429226,0.0016147507615311876,0.024302045423650838,0.7018809891277062,0.7432138689715511,0.03487953588396734,0.036344595516429226,0.0016147507615311876,0.024302045423650838,0.7018782046764143,0.7432062849445233,0.03487953588396734,0.036344595516429226,0.0016147507615311876,0.024302045423650838,1.0,0.9999999977771369,0.9999999977771369,0.0,2.28466264347027e-05,2.28466264347027e-05,0.0,0.004756801969417523
camels_01552500,0.7450229371750546,0.8249625260125573,0.0347303108076053,0.035086850365567156,0.0016191578298263086,0.02413185150579797,0.7450229371750546,0.8249625260125573,0.0347303108076053,0.035086850365567156,0.0016191578298263086,0.02413185150579797,0.7450157375771709,0.8249621371555981,0.0347303108076053,0.035086850365567156,0.0016191578298263086,0.02413185150579797,1.0,0.9999999993740644,0.9999999993740644,0.0,1.562244695829662e-05,1.562244695829662e-05,0.0,0.001828841068465259
camels_01557500,0.7978831293614316,0.8309019667451539,0.03702656743976214,0.05028937070896853,0.0017977769186240423,0.038016649288773297,0.7978831293614316,0.8309019667451539,0.03702656743976214,0.05028937070896853,0.0017977769186240423,0.038016649288773297,0.7978777983784584,0.8309030882449384,0.03702656743976214,0.05028937070896853,0.0017977769186240423,0.038016649288773297,1.0,0.9999999993396428,0.9999999993396428,0.0,7.671158337885231e-06,7.671158337885231e-06,0.0,0.0012889475758743885
camels_01567500,0.4368224668386276,0.5693917571283047,0.028870585288769332,0.03257373709224059,0.0016618844945338871,0.017567899986406368,0.4368224668386276,0.5693917571283047,0.028870585288769332,0.03257373709224059,0.0016618844945338871,0.017567899986406368,0.4368212455424334,0.5693902009697123,0.028870585288769332,0.03257373709224059,0.0016618844945338871,0.017567899986406368,1.0,0.9999999997452571,0.9999999997452571,0.0,1.2717625768932095e-05,1.2717625768932095e-05,0.0,0.0008231221753098872
camels_01568000,0.5593648204159587,0.6027029660512677,0.029624189953291392,0.03947101925739652,0.0017574514385169224,0.026664400003986476,0.5593648204159587,0.6027029660512677,0.029624189953291392,0.03947101925739652,0.0017574514385169224,0.026664400003986476,0.5593561577154494,0.6026942781889795,0.029624189953291392,0.03947101925739652,0.0017574514385169224,0.026664400003986476,1.0,0.9999999981770404,0.9999999981770404,0.0,7.871595192998626e-06,7.871595192998626e-06,0.0,0.003484601326400938
camels_01580000,0.48235706751819074,0.6033455803535218,0.022154450561647242,0.016373555800494027,0.0015179927644091253,0.005002798656904673,0.48235706751819074,0.6033455803535218,0.022154450561647242,0.016373555800494027,0.0015179927644091253,0.005002798656904673,0.4823376063209881,0.6033306833034204,0.022154450561647242,0.016373555800494027,0.0015179927644091253,0.005002798656904673,1.0,0.9999999987789739,0.9999999987789739,0.0,9.643441219786553e-06,9.643441219786553e-06,0.0,0.0012436916286775457
camels_01583500,0.4463048763665499,0.5271077876847859,0.02253786555168353,0.020493544719765684,0.0015973064285262845,0.00792065450192465,0.4463048763665499,0.5271077876847859,0.02253786555168353,0.020493544719765684,0.0015973064285262845,0.00792065450192465,0.4463003337999355,0.5271020774880668,0.02253786555168353,0.020493544719765684,0.0015973064285262845,0.00792065450192465,1.0,0.9999999991767985,0.9999999991767985,0.0,1.3637045723546848e-05,1.3637045723546848e-05,0.0,0.0009658048236458328
camels_01591400,0.5158479552755709,0.5837779267066324,0.022940020145315668,0.033812233884242676,0.0017761758568320748,0.019196414367180566,0.5158479552755709,0.5837779267066324,0.022940020145315668,0.033812233884242676,0.0017761758568320748,0.019196414367180566,0.5158429883380362,0.5837732233339867,0.022940020145315668,0.033812233884242676,0.0017761758568320748,0.019196414367180566,0.9999999999999998,0.9999999990516961,0.9999999990516961,0.0,1.807365036876618e-05,1.807365036876618e-05,0.0,0.0009468887048158514
camels_01596500,0.7803305057307567,0.7736651764293367,0.043234370543071755,0.06490757383149245,0.0020948023631654935,0.053554530269475785,0.7803305057307567,0.7736651764293367,0.043234370543071755,0.06490757383149245,0.0020948023631654935,0.053554530269475785,0.7803286644494656,0.7736663444711984,0.043234370543071755,0.06490757383149245,0.0020948023631654935,0.053554530269475785,1.0,0.9999999988562391,0.9999999988562391,0.0,7.2665086907619525e-06,7.2665086907619525e-06,0.0,0.002798798479097808
camels_01613050,0.7140877807774507,0.78925788071153,0.03970423963442294,0.08430108308308507,0.002254364988624929,0.06868792489382607,0.7140877807774507,0.78925788071153,0.03970423963442294,0.08430108308308507,0.002254364988624929,0.06868792489382607,0.7140842097187593,0.7892638182844611,0.03970423963442294,0.08430108308308507,0.002254364988624929,0.06868792489382607,1.0,0.9999999992401488,0.9999999992401488,0.0,3.234777929739252e-06,3.234777929739252e-06,0.0,0.0013601505550249193
camels_01620500,0.638109515997703,0.6610671736306309,0.038266761888113274,0.07747068888759033,0.0019791529338209915,0.06334596521714154,0.638109515997703,0.6610671736306309,0.038266761888113274,0.07747068888759033,0.0019791529338209915,0.06334596521714154,0.6381000210365199,0.6610617277452813,0.038266761888113274,0.07747068888759033,0.0019791529338209915,0.06334596521714154,0.9999999999999998,0.9999999985113983,0.9999999985113983,0.0,5.561576502000065e-06,5.561576502000065e-06,0.0,0.002293478542035654
camels_01634500,0.5535165462861487,0.5643388612885838,0.036038218066851944,0.08474042942751252,0.002275652866092705,0.06715841544810947,0.5535165462861487,0.5643388612885838,0.036038218066851944,0.08474042942751252,0.002275652866092705,0.06715841544810947,0.5535068216787081,0.5643371870326042,0.036038218066851944,0.08474042942751252,0.002275652866092705,0.06715841544810947,1.0,0.9999999983051489,0.9999999983051489,0.0,0.0,0.0,0.0,0.0017226217998786986
camels_01638480,0.48752516577213145,0.46233418252930714,0.03222245995945186,0.07708163309774341,0.00226077719102283,0.060292489630213615,0.48752516577213145,0.46233418252930714,0.03222245995945186,0.07708163309774341,0.00226077719102283,0.060292489630213615,0.48751999675812385,0.46232926740395897,0.03222245995945186,0.07708163309774341,0.00226077719102283,0.060292489630213615,1.0,0.9999999983157242,0.9999999983157242,0.0,7.982800863004513e-06,7.982800863004513e-06,0.0,0.001811812618357278
camels_01639500,0.6307448393128694,0.6586428869040268,0.02730371850499275,0.042465329121866284,0.0019809326825712564,0.028746202944742012,0.6307448393128694,0.6586428869040268,0.02730371850499275,0.042465329121866284,0.0019809326825712564,0.028746202944742012,0.6307381703209294,0.6586375652975902,0.02730371850499275,0.042465329121866284,0.0019809326825712564,0.028746202944742012,1.0,0.9999999988018103,0.9999999988018103,0.0,1.4419359207762383e-05,1.4419359207762383e-05,0.0,0.0011766638986467903
camels_01644000,0.5478802031664691,0.551762502022905,0.03197690139677655,0.08045680605132004,0.0022922933706163635,0.06466726415297565,0.5478802031664691,0.551762502022905,0.03197690139677655,0.08045680605132004,0.0022922933706163635,0.06466726415297565,0.5478777351052457,0.5517626002265527,0.03197690139677655,0.08045680605132004,0.0022922933706163635,0.06466726415297565,1.0,0.9999999987355315,0.9999999987355315,0.0,5.9625563455512065e-06,5.9625563455512065e-06,0.0,0.001366706238445481
camels_01658500,0.374351304464411,0.3504721854895555,0.036455429108099326,0.09694059267488986,0.0029736542073031226,0.07854211586725882,0.374351304464411,0.3504721854895555,0.036455429108099326,0.09694059267488986,0.0029736542073031226,0.07854211586725882,0.3743432247276629,0.35046572908632556,0.036455429108099326,0.09694059267488986,0.0029736542073031226,0.07854211586725882,1.0,0.9999999986704822,0.9999999986704822,0.0,0.0,0.0,0.0,0.001060209418084046
camels_01664000,0.6578925314169258,0.6861761709280989,0.02829932663551934,0.06613486485355524,0.0020999000715677444,0.04975683045919237,0.6578925314169258,0.6861761709280989,0.02829932663551934,0.06613486485355524,0.0020999000715677444,0.04975683045919237,0.6578891333765635,0.6861743381620615,0.02829932663551934,0.06613486485355524,0.0020999000715677444,0.04975683045919237,0.9999999999999998,0.9999999991324251,0.9999999991324251,0.0,8.571475149210528e-06,8.571475149210528e-06,0.0,0.0007065584521503965
camels_01666500,0.4562200074891194,0.5683299350649849,0.02409096228423515,0.04593646647238586,0.0018905817616058412,0.03143376356206124,0.4562200074891194,0.5683299350649849,0.02409096228423515,0.04593646647238586,0.0018905817616058412,0.03143376356206124,0.4562093835409491,0.5683188995726878,0.02409096228423515,0.04593646647238586,0.0018905817616058412,0.03143376356206124,1.0,0.9999999992516122,0.9999999992516122,0.0,1.3933472108096367e-05,1.3933472108096367e-05,0.0,0.001275743348666758
camels_01667500,0.5147082379079462,0.6314722642857207,0.025833167797653475,0.05420446260463877,0.002002319578708548,0.03920738305329793,0.5147082379079462,0.6314722642857207,0.025833167797653475,0.05420446260463877,0.002002319578708548,0.03920738305329793,0.5147049988456958,0.6314659720302034,0.025833167797653475,0.05420446260463877,0.002002319578708548,0.03920738305329793,1.0,0.9999999990090442,0.9999999990090442,0.0,6.42107605264286e-06,6.42107605264286e-06,0.0,0.001193622652754911
camels_01669000,0.7841706688287458,0.7413716292605202,0.02293579650940808,0.060885864629223185,0.002209191535114033,0.04585240578796511,0.7841706688287458,0.7413716292605202,0.02293579650940808,0.060885864629223185,0.002209191535114033,0.04585240578796511,0.7841678669039107,0.7413696261520114,0.02293579650940808,0.060885864629223185,0.002209191535114033,0.04585240578796511,1.0,0.99999999889028,0.99999999889028,0.0,7.932577922975526e-06,7.932577922975526e-06,0.0,0.0014351046662390843
camels_01669520,0.8052400721784254,0.7542299014095424,0.024907084265780498,0.07304468986712412,0.002174923144296023,0.05884491879848148,0.8052400721784254,0.7542299014095424,0.024907084265780498,0.07304468986712412,0.002174923144296023,0.05884491879848148,0.8052412963047814,0.7542335837471372,0.024907084265780498,0.07304468986712412,0.002174923144296023,0.05884491879848148,1.0,0.9999999992630807,0.9999999992630807,0.0,8.240402587844642e-06,8.240402587844642e-06,0.0,0.0010579491475204428
camels_02011400,0.6834016810905781,0.7522347985194237,0.03874024783863741,0.07037507651060154,0.0019948233939087656,0.052649029466733485,0.6834016810905781,0.7522347985194237,0.03874024783863741,0.07037507651060154,0.0019948233939087656,0.052649029466733485,0.6833966313969019,0.7522433899698232,0.03874024783863741,0.07037507651060154,0.0019948233939087656,0.052649029466733485,1.0,0.9999999993056659,0.9999999993056659,0.0,2.7088241663086876e-06,2.7088241663086876e-06,0.0,0.0008210683453491185
camels_02011460,0.6511173232244596,0.7092842969800803,0.04182907321148421,0.07526228094197673,0.002112554198104518,0.06367064624964344,0.6511173232244596,0.7092842969800803,0.04182907321148421,0.07526228094197673,0.002112554198104518,0.06367064624964344,0.6511129963562043,0.7092863956706833,0.04182907321148421,0.07526228094197673,0.002112554198104518,0.06367064624964344,0.9999999999999998,0.9999999993331116,0.9999999993331116,0.0,3.6459838241853504e-06,3.6459838241853504e-06,0.0,0.0015707878724775526
camels_02013000,0.5586577612219488,0.5934649069592306,0.04048778619050496,0.08660634565063229,0.0022783841854660315,0.07153687390062437,0.5586577612219488,0.5934649069592306,0.04048778619050496,0.08660634565063229,0.0022783841854660315,0.07153687390062437,0.5586551700986493,0.5934698267538054,0.04048778619050496,0.08660634565063229,0.0022783841854660315,0.07153687390062437,1.0,0.9999999987892634,0.9999999987892634,0.0,0.0,0.0,0.0,0.000988808599938995
camels_02014000,0.7312310605531257,0.7429522686785976,0.03349516599705447,0.06599228029076999,0.00198948170543926,0.04963226473113828,0.7312310605531257,0.7429522686785976,0.03349516599705447,0.06599228029076999,0.00198948170543926,0.04963226473113828,0.7312294667603823,0.7429560918409879,0.03349516599705447,0.06599228029076999,0.00198948170543926,0.04963226473113828,1.0,0.999999999094394,0.999999999094394,0.0,5.0851603827783975e-06,5.0851603827783975e-06,0.0,0.0008413758149872219
camels_02015700,0.5960188368214608,0.7035241717010925,0.030772741909684806,0.03627919048131358,0.0016500193980837933,0.019657723850459163,0.5960188368214608,0.7035241717010925,0.030772741909684806,0.03627919048131358,0.0016500193980837933,0.019657723850459163,0.5960128576387826,0.7035210655961714,0.030772741909684806,0.03627919048131358,0.0016500193980837933,0.019657723850459163,0.9999999999999999,0.9999999991939161,0.9999999991939161,0.0,1.3570499572512773e-05,1.3570499572512773e-05,0.0,0.0010105135682350053
camels_02016000,0.6861706487181455,0.7047025561641591,0.034229531587983725,0.06292414713582935,0.0019977397657553035,0.046175793073240205,0.6861706487181455,0.7047025561641591,0.034229531587983725,0.06292414713582935,0.0019977397657553035,0.046175793073240205,0.6861662585545214,0.7047013690521199,0.034229531587983725,0.06292414713582935,0.0019977397657553035,0.046175793073240205,1.0,0.9999999985488162,0.9999999985488162,0.0,1.996114467939236e-06,1.996114467939236e-06,0.0,0.001415730051012254
camels_02017500,0.7343928151305263,0.8044300866217912,0.03386315158124386,0.06959772322772724,0.0020253943623200392,0.0560086581092819,0.7343928151305263,0.8044300866217912,0.03386315158124386,0.06959772322772724,0.0020253943623200392,0.0560086581092819,0.7343894906517221,0.804437818971802,0.03386315158124386,0.06959772322772724,0.0020253943623200392,0.0560086581092819,1.0,0.9999999993193078,0.9999999993193078,0.0,6.932010888860418e-06,6.932010888860418e-06,0.0,0.0008461621187900725
camels_02018000,0.6923854013453588,0.7224480489578419,0.033347684229605094,0.07008175182535972,0.0020354417468181245,0.05474330909837332,0.6923854013453588,0.7224480489578419,0.033347684229605094,0.07008175182535972,0.0020354417468181245,0.05474330909837332,0.6923825783462043,0.7224470281483666,0.033347684229605094,0.07008175182535972,0.0020354417468181245,0.05474330909837332,1.0,0.9999999992224562,0.9999999992224562,0.0,1.0023567918238108e-05,1.0023567918238108e-05,0.0,0.0008504476759392254
camels_02027000,0.6327065379402705,0.6983880267228288,0.025494240457097608,0.047057814530378425,0.001776118936209843,0.03470785129384627,0.6327065379402705,0.6983880267228288,0.025494240457097608,0.047057814530378425,0.001776118936209843,0.03470785129384627,0.6327030639712765,0.6983800829288054,0.025494240457097608,0.047057814530378425,0.001776118936209843,0.03470785129384627,1.0,0.9999999987501702,0.9999999987501702,0.0,1.8133534350317504e-05,1.8133534350317504e-05,0.0,0.0013818921285109198
camels_02027500,0.7505750837130812,0.7818503044252072,0.023609896073718585,0.04248176984806332,0.0016888227956048374,0.03133457330854621,0.7505750837130812,0.7818503044252072,0.023609896073718585,0.04248176984806332,0.0016888227956048374,0.03133457330854621,0.7505677967170431,0.7818424601306415,0.023609896073718585,0.04248176984806332,0.0016888227956048374,0.03133457330854621,1.0,0.999999998958173,0.999999998958173,0.0,2.8348755778395685e-05,2.8348755778395685e-05,0.0,0.0015563578690551694
camels_02028500,0.605089788477531,0.6983519378164149,0.025967009894504508,0.05220428838207562,0.0019121579901441841,0.039556981487158104,0.605089788477531,0.6983519378164149,0.025967009894504508,0.05220428838207562,0.0019121579901441841,0.039556981487158104,0.6050877815775223,0.698348217574648,0.025967009894504508,0.05220428838207562,0.0019121579901441841,0.039556981487158104,0.9999999999999999,0.9999999994742519,0.9999999994742519,0.0,2.1002383902235522e-05,2.1002383902235522e-05,0.0,0.0008679819005221745
camels_02038850,0.37300856186144493,0.4248129469530322,0.027370550376164746,0.08141805559819901,0.0024764993611504048,0.061982359508955455,0.37300856186144493,0.4248129469530322,0.027370550376164746,0.08141805559819901,0.0024764993611504048,0.061982359508955455,0.37299709680434445,0.4248065432985494,0.027370550376164746,0.08141805559819901,0.0024764993611504048,0.061982359508955455,1.0,0.9999999984854951,0.9999999984854951,0.0,0.0,0.0,0.0,0.0012292678624867825
camels_02046000,0.6157378949872397,0.6179477414099754,0.03262715059168199,0.11118519069215105,0.002886421153318084,0.09615440755538476,0.6157378949872397,0.6179477414099754,0.03262715059168199,0.11118519069215105,0.002886421153318084,0.09615440755538476,0.6157386610428734,0.6179654267824868,0.03262715059168199,0.11118519069215105,0.002886421153318084,0.09615440755538476,1.0,0.9999999991124199,0.9999999991124199,0.0,0.0,0.0,0.0,0.0006154462563312535
camels_02051500,0.45715069705715417,0.5302199085803478,0.029957483844873147,0.1003225469685955,0.002820746942175813,0.08204612499801914,0.45715069705715417,0.5302199085803478,0.029957483844873147,0.1003225469685955,0.002820746942175813,0.08204612499801914,0.4571580359846079,0.5302277661284004,0.029957483844873147,0.1003225469685955,0.002820746942175813,0.08204612499801914,1.0,0.9999999981413159,0.9999999981413159,0.0,0.0,0.0,0.0,0.0008751298916034322
camels_02053200,0.7526023386628532,0.637316769485663,0.03520674947309204,0.10299071337098283,0.003053268893011685,0.09309611136724692,0.7526023386628532,0.637316769485663,0.03520674947309204,0.10299071337098283,0.003053268893011685,0.09309611136724692,0.7526023450213684,0.6373183122921389,0.03520674947309204,0.10299071337098283,0.003053268893011685,0.09309611136724692,0.9999999999999998,0.9999999997307003,0.9999999997307003,0.0,0.0,0.0,0.0,0.00042769847544033013
camels_02053800,0.65214443702647,0.6947455062029124,0.028908833625592278,0.060357969334352814,0.001980912419410071,0.040677790999654344,0.65214443702647,0.6947455062029124,0.028908833625592278,0.060357969334352814,0.001980912419410071,0.040677790999654344,0.6521407063202976,0.694745678858569,0.028908833625592278,0.060357969334352814,0.001980912419410071,0.040677790999654344,1.0,0.9999999990674773,0.9999999990674773,0.0,7.926749940656563e-06,7.926749940656563e-06,0.0,0.0008713077696693716
camels_02055100,0.3853283813665268,0.5226117641984792,0.02737859025688249,0.05821214408951889,0.0020147900552343403,0.03990935196015704,0.3853283813665268,0.5226117641984792,0.02737859025688249,0.05821214408951889,0.0020147900552343403,0.03990935196015704,0.3853248370616468,0.5226089633822641,0.02737859025688249,0.05821214408951889,0.0020147900552343403,0.03990935196015704,1.0,0.9999999991497546,0.9999999991497546,0.0,9.424517859457637e-06,9.424517859457637e-06,0.0,0.001287380588780529
camels_02056900,0.5531109637065764,0.6433495598436176,0.02310986547876323,0.04462123971440004,0.0018546694190700445,0.02756413968533096,0.5531109637065764,0.6433495598436176,0.02310986547876323,0.04462123971440004,0.0018546694190700445,0.02756413968533096,0.5531041637096614,0.6433431007115813,0.02310986547876323,0.04462123971440004,0.0018546694190700445,0.02756413968533096,1.0,0.9999999987742331,0.9999999987742331,0.0,1.1561394952286363e-05,1.1561394952286363e-05,0.0,0.0011846509411816974
camels_02059500,0.4710587139176168,0.5229129066070441,0.02668437067925567,0.06648403732578363,0.0022059162780189126,0.046679810916676244,0.4710587139176168,0.5229129066070441,0.02668437067925567,0.06648403732578363,0.0022059162780189126,0.046679810916676244,0.4710543552156429,0.5229105279886876,0.02668437067925567,0.06648403732578363,0.0022059162780189126,0.046679810916676244,1.0,0.999999998820773,0.999999998820773,0.0,5.369539285426939e-06,5.369539285426939e-06,0.0,0.0006842167419103262
camels_02064000,0.43069051651237444,0.621858537265892,0.026741127648653412,0.07709921629868946,0.0024714856795800383,0.058266664083298995,0.43069051651237444,0.621858537265892,0.026741127648653412,0.07709921629868946,0.0024714856795800383,0.058266664083298995,0.43068248535411746,0.6218591247039371,0.026741127648653412,0.07709921629868946,0.0024714856795800383,0.058266664083298995,0.9999999999999999,0.9999999991484361,0.9999999991484361,0.0,0.0,0.0,0.0,0.0005571170024269989
camels_02065500,0.31864566805562533,0.42573568498695613,0.025317967784332214,0.07559521657699987,0.0022720257602405355,0.056776375606142244,0.31864566805562533,0.42573568498695613,0.025317967784332214,0.07559521657699987,0.0022720257602405355,0.056776375606142244,0.31864874950792665,0.42573498229625784,0.025317967784332214,0.07559521657699987,0.0022720257602405355,0.056776375606142244,1.0,0.9999999984756645,0.9999999984756645,0.0,6.5657050014600316e-06,6.5657050014600316e-06,0.0,0.000820123914678561
camels_02069700,0.6311408346175447,0.7635142637986666,0.017916283210924623,0.021558886560900457,0.0015880644684147399,0.008178111215633988,0.6311408346175447,0.7635142637986666,0.017916283210924623,0.021558886560900457,0.0015880644684147399,0.008178111215633988,0.6311401541864073,0.763509986425295,0.017916283210924623,0.021558886560900457,0.0015880644684147399,0.008178111215633988,1.0,0.9999999993169455,0.9999999993169455,0.0,1.5299988692651922e-05,1.5299988692651922e-05,0.0,0.0007696862243387059
camels_02070000,0.4837146371636655,0.6201847255834008,0.01828647211163813,0.03173132813242821,0.001807501083938877,0.01605680690092199,0.4837146371636655,0.6201847255834008,0.01828647211163813,0.03173132813242821,0.001807501083938877,0.01605680690092199,0.4837119154783127,0.6201793438081386,0.01828647211163813,0.03173132813242821,0.001807501083938877,0.01605680690092199,1.0,0.9999999991039173,0.9999999991039173,0.0,1.0248183607508565e-05,1.0248183607508565e-05,0.0,0.0007229937806108033
camels_02074500,0.48048925039599344,0.5512442617600223,0.023440736689383793,0.06715920314827507,0.0022766568356063256,0.04908068736233044,0.48048925039599344,0.5512442617600223,0.023440736689383793,0.06715920314827507,0.0022766568356063256,0.04908068736233044,0.48048575672423577,0.5512424592161476,0.023440736689383793,0.06715920314827507,0.0022766568356063256,0.04908068736233044,0.9999999999999999,0.9999999990870837,0.9999999990870837,0.0,6.8612577521776075e-06,6.8612577521776075e-06,0.0,0.00075017679991074
camels_02077200,0.5305170411465405,0.5123540922559279,0.03144796073557639,0.10293502807617187,0.002891142034627361,0.08967174352061676,0.5305170411465405,0.5123540922559279,0.03144796073557639,0.10293502807617187,0.002891142034627361,0.08967174352061676,0.5305073349445877,0.5123508681702746,0.03144796073557639,0.10293502807617187,0.002891142034627361,0.08967174352061676,1.0,0.9999999962190573,0.9999999962190573,0.0,0.0,0.0,0.0,0.0018509444646337414
camels_02081500,0.49287052348968186,0.457673404532584,0.038691715294642576,0.13264428190962538,0.003330647099090638,0.11967495034239113,0.49287052348968186,0.457673404532584,0.038691715294642576,0.13264428190962538,0.003330647099090638,0.11967495034239113,0.4928644178343575,0.4576854680860285,0.038691715294642576,0.13264428190962538,0.003330647099090638,0.11967495034239113,1.0,0.9999999956989258,0.9999999956989258,0.0,0.0,0.0,0.0,0.0016732296267498725
camels_02082950,0.5525425829477143,0.4843512222979315,0.03308356906047458,0.11704287422598013,0.003048975617600261,0.10245718346647993,0.5525425829477143,0.4843512222979315,0.03308356906047458,0.11704287422598013,0.003048975617600261,0.10245718346647993,0.5525436970127624,0.48436150274941436,0.03308356906047458,0.11704287422598013,0.003048975617600261,0.10245718346647993,1.0,0.9999999989406058,0.9999999989406058,0.0,0.0,0.0,0.0,0.0005577855249376817
camels_02092500,0.8523163069189936,0.7714546372718918,0.02710109656529301,0.092204349664839,0.0026285034164212056,0.0815614355988725,0.8523163069189936,0.7714546372718918,0.02710109656529301,0.092204349664839,0.0026285034164212056,0.0815614355988725,0.8523175761080903,0.7714649445427662,0.02710109656529301,0.092204349664839,0.0026285034164212056,0.0815614355988725,1.0,0.9999999995052427,0.9999999995052427,0.0,0.0,0.0,0.0,0.0006863821765499267
camels_02102908,0.5018737521481627,0.5857964946809218,0.01628217426323262,0.021155729158413097,0.002112846200412959,0.009063713062123885,0.5018737521481627,0.5857964946809218,0.01628217426323262,0.021155729158413097,0.002112846200412959,0.009063713062123885,0.5018616559873512,0.5857794579519648,0.01628217426323262,0.021155729158413097,0.002112846200412959,0.009063713062123885,1.0,0.9999999989691725,0.9999999989691725,0.0,1.07758047804829e-05,1.07758047804829e-05,0.0,0.0005660169463741482
camels_02108000,0.891124234492051,0.8150477007918819,0.02381292733894642,0.06763400605919395,0.0024919106558902266,0.05825752892794039,0.891124234492051,0.8150477007918819,0.02381292733894642,0.06763400605919395,0.0024919106558902266,0.05825752892794039,0.8911254935087366,0.8150506362126044,0.02381292733894642,0.06763400605919395,0.0024919106558902266,0.05825752892794039,1.0,0.9999999994944511,0.9999999994944511,0.0,8.761782283928099e-06,8.761782283928099e-06,0.0,0.0005631739167513139
camels_02111180,0.645855042605586,0.731274700294426,0.019978618041496973,0.02069394825438215,0.001490825475108551,0.008648863755181643,0.645855042605586,0.731274700294426,0.019978618041496973,0.02069394825438215,0.001490825475108551,0.008648863755181643,0.6458523283228754,0.7312692847076641,0.019978618041496973,0.02069394825438215,0.001490825475108551,0.008648863755181643,0.9999999999999998,0.9999999988003434,0.9999999988003434,0.0,3.6268139006256916e-05,3.6268139006256916e-05,0.0,0.0010307853209567952
camels_02112120,0.6848858398319385,0.8347590445655944,0.018658311662035586,0.01954658423185832,0.0014920046314990062,0.008063551692885269,0.6848858398319385,0.8347590445655944,0.018658311662035586,0.01954658423185832,0.0014920046314990062,0.008063551692885269,0.684882885577488,0.8347629914280164,0.018658311662035586,0.01954658423185832,0.0014920046314990062,0.008063551692885269,1.0,0.9999999992778411,0.9999999992778411,0.0,1.8887371468157e-05,1.8887371468157e-05,0.0,0.0007864806116337775
camels_02112360,0.6495926773040204,0.8089882224793992,0.016968949571342547,0.015732346973844763,0.0014093539294074563,0.005139767748830768,0.6495926773040204,0.8089882224793992,0.016968949571342547,0.015732346973844763,0.0014093539294074563,0.005139767748830768,0.6495871207098662,0.808984052755235,0.016968949571342547,0.015732346973844763,0.0014093539294074563,0.005139767748830768,1.0,0.9999999990920118,0.9999999990920118,0.0,1.4703022096274054e-05,1.4703022096274054e-05,0.0,0.0009256400152279909
camels_02118500,0.5331901381119473,0.6310757293961066,0.018504179128526917,0.03335542698177314,0.0017965352559428185,0.01769625922971033,0.5331901381119473,0.6310757293961066,0.018504179128526917,0.03335542698177314,0.0017965352559428185,0.01769625922971033,0.5331884986094001,0.6310714461049618,0.018504179128526917,0.03335542698177314,0.0017965352559428185,0.01769625922971033,1.0,0.9999999993608949,0.9999999993608949,0.0,9.339269773311898e-06,9.339269773311898e-06,0.0,0.0007121477218392513
camels_02128000,0.49965411330960996,0.5175051170162057,0.032893183555370895,0.1163616002452301,0.003275943044233032,0.10031971031947262,0.49965411330960996,0.5175051170162057,0.032893183555370895,0.1163616002452301,0.003275943044233032,0.10031971031947262,0.49964473173996093,0.5175076447108049,0.032893183555370895,0.1163616002452301,0.003275943044233032,0.10031971031947262,1.0,0.9999999983783519,0.9999999983783519,0.0,0.0,0.0,0.0,0.0009715883135879011
camels_02137727,0.6869317425481942,0.7723702432286319,0.018363825351181185,0.018060288226145034,0.0013995129486610149,0.007814508165718334,0.6869317425481942,0.7723702432286319,0.018363825351181185,0.018060288226145034,0.0013995129486610149,0.007814508165718334,0.6869273826308164,0.7723654039156833,0.018363825351181185,0.018060288226145034,0.0013995129486610149,0.007814508165718334,1.0,0.9999999991573673,0.9999999991573673,0.0,2.1309780040557058e-05,2.1309780040557058e-05,0.0,0.0007899475299142367
camels_02143000,0.6103646446463296,0.6642865465457612,0.01861772556575752,0.03343856803785715,0.0017845769441151957,0.01898562497106092,0.6103646446463296,0.6642865465457612,0.01861772556575752,0.03343856803785715,0.0017845769441151957,0.01898562497106092,0.6103633391119732,0.6642803918145505,0.01861772556575752,0.03343856803785715,0.0017845769441151957,0.01898562497106092,1.0,0.99999999915003,0.99999999915003,0.0,1.2011551710155999e-05,1.2011551710155999e-05,0.0,0.0010630048471576004
camels_02143040,0.566236181721907,0.6558598303984244,0.01974397508416166,0.03478756705355693,0.0018139753573806485,0.020203004260575797,0.566236181721907,0.6558598303984244,0.01974397508416166,0.03478756705355693,0.0018139753573806485,0.020203004260575797,0.5662331912818847,0.6558532692170219,0.01974397508416166,0.03478756705355693,0.0018139753573806485,0.020203004260575797,1.0,0.9999999992111701,0.9999999992111701,0.0,1.596812064841302e-05,1.596812064841302e-05,0.0,0.0009811631197118587
camels_02149000,0.649568122751514,0.8123025211960241,0.017250152533726568,0.0212010956197433,0.0015516232041751638,0.009690340452697167,0.649568122751514,0.8123025211960241,0.017250152533726568,0.0212010956197433,0.0015516232041751638,0.009690340452697167,0.6495697310498412,0.8123073875857723,0.017250152533726568,0.0212010956197433,0.0015516232041751638,0.009690340452697167,0.9999999999999999,0.9999999986323332,0.9999999986323332,0.0,1.5794778834621326e-05,1.5794778834621326e-05,0.0,0.0011666793547231435
camels_02152100,0.5994935696051311,0.6624630566861915,0.019003837925909015,0.03601831161468073,0.0018256020352516408,0.020822516996526815,0.5994935696051311,0.6624630566861915,0.019003837925909015,0.03601831161468073,0.0018256020352516408,0.020822516996526815,0.5994921102588904,0.6624560986365193,0.019003837925909015,0.03601831161468073,0.0018256020352516408,0.020822516996526815,1.0,0.9999999991036488,0.9999999991036488,0.0,1.0236476986780207e-05,1.0236476986780207e-05,0.0,0.0010779923337782549
camels_02177000,0.7788796443370655,0.8849791227423397,0.015911804880138342,0.007550238305608351,0.0011755906544157265,0.0015864559454922744,0.7788796443370655,0.8849791227423397,0.015911804880138342,0.007550238305608351,0.0011755906544157265,0.0015864559454922744,0.7788838334323617,0.8849897815534917,0.015911804880138342,0.007550238305608351,0.0011755906544157265,0.0015864559454922744,0.9999999999999998,0.9999999990312028,0.9999999990312028,0.0,4.728049529179046e-05,4.728049529179046e-05,0.0,0.001694592948933149
camels_02202600,0.7789681525331477,0.5695673168476958,0.03350253346967407,0.11726792279411764,0.0036445490970572884,0.11469047499960383,0.7789681525331477,0.5695673168476958,0.03350253346967407,0.11726792279411764,0.0036445490970572884,0.11469047499960383,0.7789677205452004,0.56957494071656,0.03350253346967407,0.11726792279411764,0.0036445490970572884,0.11469047499960383,0.9999999999999999,0.9999999998999065,0.9999999998999065,0.0,0.0,0.0,0.0,0.0003368186250058969
camels_02212600,0.5599942852623705,0.6141969777697533,0.032091079619061394,0.12794112075898517,0.003279619671510151,0.11553644021674538,0.5599942852623705,0.6141969777697533,0.032091079619061394,0.12794112075898517,0.003279619671510151,0.11553644021674538,0.559983654476761,0.6142106535768088,0.032091079619061394,0.12794112075898517,0.003279619671510151,0.11553644021674538,1.0,0.9999999984808953,0.9999999984808953,0.0,0.0,0.0,0.0,0.0022109391421363256
camels_02221525,0.68248054240996,0.645627179391114,0.02898120028977462,0.11183982059873383,0.0028917577155463353,0.09887317247371402,0.68248054240996,0.645627179391114,0.02898120028977462,0.11183982059873383,0.0028917577155463353,0.09887317247371402,0.6824803643695441,0.6456426472224542,0.02898120028977462,0.11183982059873383,0.0028917577155463353,0.09887317247371402,1.0,0.9999999988048748,0.9999999988048748,0.0,0.0,0.0,0.0,0.001553282386864474
camels_02231000,0.7406168034263623,0.5489638393124295,0.03076792479045009,0.1305302122785402,0.0030464773004001827,0.1207716255110611,0.7406168034263623,0.5489638393124295,0.03076792479045009,0.1305302122785402,0.0030464773004001827,0.1207716255110611,0.7406163532216385,0.548966847806722,0.03076792479045009,0.1305302122785402,0.0030464773004001827,0.1207716255110611,1.0,0.9999999991982509,0.9999999991982509,0.0,0.0,0.0,0.0,0.0013287120606095826
camels_02231342,0.7929322092255993,0.6644994711956846,0.026125154630649405,0.09963737008054165,0.0036836552571573315,0.0974128289832063,0.7929322092255993,0.6644994711956846,0.026125154630649405,0.09963737008054165,0.0036836552571573315,0.0974128289832063,0.79292689155345,0.6644999351333727,0.026125154630649405,0.09963737008054165,0.0036836552571573315,0.0974128289832063,1.0,0.9999999990877482,0.9999999990877482,0.0,0.0,0.0,0.0,0.0023097127989721855
camels_02245500,0.765292686909085,0.7768921559757588,0.021296137099817366,0.08620001578185911,0.0028561561151160186,0.07146043293858155,0.765292686909085,0.7768921559757588,0.021296137099817366,0.08620001578185911,0.0028561561151160186,0.07146043293858155,0.7652785440655091,0.7768877918645722,0.021296137099817366,0.08620001578185911,0.0028561561151160186,0.07146043293858155,0.9999999999999999,0.9999999989776737,0.9999999989776737,0.0,0.0,0.0,0.0,0.0021227834534363055
camels_02246000,0.6521635149280061,0.4994158693361972,0.024482711962222087,0.09012642912642226,0.0031866798052681386,0.07845619774251632,0.6521635149280061,0.4994158693361972,0.024482711962222087,0.09012642912642226,0.0031866798052681386,0.07845619774251632,0.6521606742505768,0.49941380470609364,0.024482711962222087,0.09012642912642226,0.0031866798052681386,0.07845619774251632,1.0,0.9999999987222002,0.9999999987222002,0.0,0.0,0.0,0.0,0.001684808991192277
camels_02296500,0.8621414100690752,0.554481586734173,0.03296754229624905,0.13314901974815385,0.003861640336305568,0.12834495250400133,0.8621414100690752,0.554481586734173,0.03296754229624905,0.13314901974815385,0.003861640336305568,0.12834495250400133,0.8621411979657857,0.5544875939820115,0.03296754229624905,0.13314901974815385,0.003861640336305568,0.12834495250400133,1.0,0.99999999971521,0.99999999971521,0.0,0.0,0.0,0.0,0.000402970735342123
camels_02297155,0.7749208773248817,0.6869299107454107,0.029969610016921472,0.10727568775354969,0.0036979510866362473,0.1073030282227553,0.7749208773248817,0.6869299107454107,0.029969610016921472,0.10727568775354969,0.0036979510866362473,0.1073030282227553,0.774919589243729,0.686935493488869,0.029969610016921472,0.10727568775354969,0.0036979510866362473,0.1073030282227553,0.9999999999999998,0.9999999998709052,0.9999999998709052,0.0,0.0,0.0,0.0,0.0003561844941231129
camels_02297310,0.7961535216366111,0.5517618943883724,0.03122985483908508,0.12456408610933935,0.0037847050788678213,0.12041598739778778,0.7961535216366111,0.5517618943883724,0.03122985483908508,0.12456408610933935,0.0037847050788678213,0.12041598739778778,0.7961533873354919,0.5517669133479932,0.03122985483908508,0.12456408610933935,0.0037847050788678213,0.12041598739778778,0.9999999999999999,0.9999999998417644,0.9999999998417644,0.0,0.0,0.0,0.0,0.00024558128383977973
camels_02298123,0.9350867575763542,0.7729662074724815,0.026882180142354287,0.09822835554699386,0.003530047873212648,0.09598746851056392,0.9350867575763542,0.7729662074724815,0.026882180142354287,0.09822835554699386,0.003530047873212648,0.09598746851056392,0.9350868084332029,0.7729723386254208,0.026882180142354287,0.09822835554699386,0.003530047873212648,0.09598746851056392,1.0,0.9999999997345135,0.9999999997345135,0.0,0.0,0.0,0.0,0.0005082288257693968
camels_02298608,0.8414259848759746,0.7655679884756671,0.028526915498002306,0.10509914065471286,0.0036624120166770828,0.10136224309522772,0.8414259848759746,0.7655679884756671,0.028526915498002306,0.10509914065471286,0.0036624120166770828,0.10136224309522772,0.8414251944077337,0.7655733788846345,0.028526915498002306,0.10509914065471286,0.0036624120166770828,0.10136224309522772,1.0,0.9999999997716428,0.9999999997716428,0.0,0.0,0.0,0.0,0.0006794840066755015
camels_02299950,0.646885509007085,0.6953241606529799,0.02614849856610714,0.0923705110685337,0.0036817599503553905,0.08886326292707276,0.646885509007085,0.6953241606529799,0.02614849856610714,0.0923705110685337,0.0036817599503553905,0.08886326292707276,0.6468832676808562,0.6953232089250969,0.02614849856610714,0.0923705110685337,0.0036817599503553905,0.08886326292707276,1.0,0.9999999995160408,0.9999999995160408,0.0,0.0,0.0,0.0,0.0011368442373660415
camels_02300700,0.5217143221479011,0.4535588754106348,0.019972742788690098,0.0669119860047501,0.0032578533126181087,0.05860734208360405,0.5217143221479011,0.4535588754106348,0.019972742788690098,0.0669119860047501,0.0032578533126181087,0.05860734208360405,0.5217120153516203,0.45355326981488,0.019972742788690098,0.0669119860047501,0.0032578533126181087,0.05860734208360405,1.0,0.9999999988860795,0.9999999988860795,0.0,0.0,0.0,0.0,0.0012845609487524001
camels_02312200,-0.13797898011013188,-0.3903845453590462,0.035379655462733146,0.157264174022249,0.004062361746240581,0.15596013252923746,-0.13797898011013188,-0.3903845453590462,0.035379655462733146,0.157264174022249,0.004062361746240581,0.15596013252923746,-0.13797893803399175,-0.3903825966076646,0.035379655462733146,0.157264174022249,0.004062361746240581,0.15596013252923746,1.0,0.9999999996271862,0.9999999996271862,0.0,0.0,0.0,0.0,0.00016978817969137694
camels_02314500,0.8538799134817562,0.5828331461904591,0.029691397877784093,0.12446437239888715,0.0027957127495663162,0.1133419091029293,0.8538799134817562,0.5828331461904591,0.029691397877784093,0.12446437239888715,0.0027957127495663162,0.1133419091029293,0.8538808043555963,0.5828383396333318,0.029691397877784093,0.12446437239888715,0.0027957127495663162,0.1133419091029293,1.0,0.9999999999199071,0.9999999999199071,0.0,0.0,0.0,0.0,0.0002887375722440133
camels_02315500,0.8599373412054055,0.5424672334623617,0.03118789394293547,0.133458038082471,0.0028897872561131723,0.12322432109840502,0.8599373412054055,0.5424672334623617,0.03118789394293547,0.133458038082471,0.0028897872561131723,0.12322432109840502,0.85993622282762,0.5424738137468814,0.03118789394293547,0.133458038082471,0.0028897872561131723,0.12322432109840502,1.0,0.9999999995546642,0.9999999995546642,0.0,0.0,0.0,0.0,0.0006827711217516352
camels_02324400,0.8726965038947039,0.5781858445239991,0.03349051988149028,0.14277258944559773,0.0030670410237496086,0.13501340080710017,0.8726965038947039,0.5781858445239991,0.03349051988149028,0.14277258944559773,0.0030670410237496086,0.13501340080710017,0.8726963618638116,0.5781946121461279,0.03349051988149028,0.14277258944559773,0.0030670410237496086,0.13501340080710017,1.0,0.9999999998584427,0.9999999998584427,0.0,0.0,0.0,0.0,0.0003044737413917531
camels_02327100,0.5925564784883959,0.5994811102766981,0.0291838191343853,0.11929373905576508,0.0028142251542809045,0.1120072324184085,0.5925564784883959,0.5994811102766981,0.0291838191343853,0.11929373905576508,0.0028142251542809045,0.1120072324184085,0.5925567889595724,0.599479310858404,0.0291838191343853,0.11929373905576508,0.0028142251542809045,0.1120072324184085,1.0,0.9999999987775525,0.9999999987775525,0.0,0.0,0.0,0.0,0.0027569669837510524
camels_02349900,0.6065863843118355,0.6051250994269126,0.030786101861609405,0.08886225857067302,0.0034618284349267428,0.08908522104878455,0.6065863843118355,0.6051250994269126,0.030786101861609405,0.08886225857067302,0.0034618284349267428,0.08908522104878455,0.6065863797457508,0.6051275612351064,0.030786101861609405,0.08886225857067302,0.0034618284349267428,0.08908522104878455,1.0,0.9999999987897965,0.9999999987897965,0.0,0.0,0.0,0.0,0.0011454360320639623
camels_02361000,0.7958883808613813,0.8615265663286408,0.019617713247303062,0.06574885617888723,0.0024993616959144327,0.05533373138242029,0.7958883808613813,0.8615265663286408,0.019617713247303062,0.06574885617888723,0.0024993616959144327,0.05533373138242029,0.7958907896986736,0.8615406350532111,0.019617713247303062,0.06574885617888723,0.0024993616959144327,0.05533373138242029,1.0,0.99999999892961,0.99999999892961,0.0,9.865125831343136e-06,9.865125831343136e-06,0.0,0.0014009094079998619
camels_02369800,0.7433996920768777,0.8079137094227554,0.013895501955043955,0.035356554104880436,0.0020160583888783174,0.020301420354939863,0.7433996920768777,0.8079137094227554,0.013895501955043955,0.035356554104880436,0.0020160583888783174,0.020301420354939863,0.7433996148264521,0.8079021773640165,0.013895501955043955,0.035356554104880436,0.0020160583888783174,0.020301420354939863,1.0,0.9999999989743793,0.9999999989743793,0.0,1.711586818009536e-05,1.711586818009536e-05,0.0,0.0019514510174367672
camels_02371500,0.8495396179718907,0.8310952140664282,0.024610212995362812,0.09447226379270728,0.0026355875916703477,0.08513315521921154,0.8495396179718907,0.8310952140664282,0.024610212995362812,0.09447226379270728,0.0026355875916703477,0.08513315521921154,0.8495422322350932,0.8311130409003606,0.024610212995362812,0.09447226379270728,0.0026355875916703477,0.08513315521921154,1.0,0.9999999994256727,0.9999999994256727,0.0,0.0,0.0,0.0,0.0017875880393063426
camels_02372250,0.8151764952391058,0.8192020107360058,0.023640504956970836,0.09005399630471127,0.002658503921230231,0.07946248547784214,0.8151764952391058,0.8192020107360058,0.023640504956970836,0.09005399630471127,0.002658503921230231,0.07946248547784214,0.8151800844055818,0.8192113445430131,0.023640504956970836,0.09005399630471127,0.002658503921230231,0.07946248547784214,1.0,0.9999999993981052,0.9999999993981052,0.0,0.0,0.0,0.0,0.001417716579916295
camels_02374500,0.7408517811513219,0.8302455381262566,0.014000149430899785,0.03791738630066537,0.002004347128026626,0.022242753839396077,0.7408517811513219,0.8302455381262566,0.014000149430899785,0.03791738630066537,0.002004347128026626,0.022242753839396077,0.7408598391846319,0.8302378679329647,0.014000149430899785,0.03791738630066537,0.002004347128026626,0.022242753839396077,1.0,0.9999999985493517,0.9999999985493517,0.0,1.8245768981905996e-05,1.8245768981905996e-05,0.0,0.0022696142230387295
camels_02381600,0.3027306093896769,0.5171277615113565,0.022104305089366363,0.046304476043515466,0.002022912729584421,0.03389526042203149,0.3027306093896769,0.5171277615113565,0.022104305089366363,0.046304476043515466,0.002022912729584421,0.03389526042203149,0.30272336511306086,0.5171236980957732,0.022104305089366363,0.046304476043515466,0.002022912729584421,0.03389526042203149,1.0,0.9999999992221184,0.9999999992221184,0.0,1.5178879650523669e-05,1.5178879650523669e-05,0.0,0.000994766854817808
camels_02395120,0.5095628477601406,0.6548297798422745,0.021618795491618995,0.05655602151433546,0.002174918404940901,0.0413766729420629,0.5095628477601406,0.6548297798422745,0.021618795491618995,0.05655602151433546,0.002174918404940901,0.0413766729420629,0.509547352916248,0.6548216969281875,0.021618795491618995,0.05655602151433546,0.002174918404940901,0.0413766729420629,1.0,0.9999999989115499,0.9999999989115499,0.0,3.675356317067724e-06,3.675356317067724e-06,0.0,0.0016030170513108288
camels_02408540,0.5150156890394382,0.6852536277740248,0.02167381611605445,0.062252637387289235,0.002295519759156883,0.05168868832849344,0.5150156890394382,0.6852536277740248,0.02167381611605445,0.062252637387289235,0.002295519759156883,0.05168868832849344,0.5150115637821898,0.6852482945906218,0.02167381611605445,0.062252637387289235,0.002295519759156883,0.05168868832849344,1.0,0.9999999991560276,0.9999999991560276,0.0,6.828763030597429e-06,6.828763030597429e-06,0.0,0.001792693869759887
camels_02422500,0.596149527919208,0.7813931559615597,0.018642777990376006,0.04854455371415639,0.0022882211039080822,0.03764214506013882,0.596149527919208,0.7813931559615597,0.018642777990376006,0.04854455371415639,0.0022882211039080822,0.03764214506013882,0.5961403696359711,0.7813899130277608,0.018642777990376006,0.04854455371415639,0.0022882211039080822,0.03764214506013882,0.9999999999999999,0.9999999991646674,0.9999999991646674,0.0,8.463860202700957e-06,8.463860202700957e-06,0.0,0.0015051391848794893
camels_02430085,0.4652722135833407,0.6403675362629704,0.021563490505876214,0.04958591112984122,0.002440136441352643,0.03766500306661424,0.4652722135833407,0.6403675362629704,0.021563490505876214,0.04958591112984122,0.002440136441352643,0.03766500306661424,0.4652658626102394,0.6403610782749927,0.021563490505876214,0.04958591112984122,0.002440136441352643,0.03766500306661424,0.9999999999999999,0.999999999229079,0.999999999229079,0.0,1.328309042758491e-05,1.328309042758491e-05,0.0,0.0009576433123106298
camels_02450250,0.4776882451480218,0.6612431713117723,0.02918832132830823,0.0864467628587332,0.0026374124368354224,0.07786704908761727,0.4776882451480218,0.6612431713117723,0.02918832132830823,0.0864467628587332,0.0026374124368354224,0.07786704908761727,0.47768136766149205,0.6612396722266741,0.02918832132830823,0.0864467628587332,0.0026374124368354224,0.07786704908761727,0.9999999999999999,0.9999999989562108,0.9999999989562108,0.0,1.4178950964449655e-06,1.4178950964449655e-06,0.0,0.002432627426824485
camels_02464000,0.43613231856115076,0.6610591429323736,0.02911137470609034,0.09108657372650704,0.0026912701782783677,0.08283447977495484,0.43613231856115076,0.6610591429323736,0.02911137470609034,0.09108657372650704,0.0026912701782783677,0.08283447977495484,0.4361257345408457,0.6610551070745394,0.02911137470609034,0.09108657372650704,0.0026912701782783677,0.08283447977495484,1.0,0.9999999985056153,0.9999999985056153,0.0,2.0233106363676256e-06,2.0233106363676256e-06,0.0,0.001898425868447795
camels_02465493,0.2281129315607573,0.5726772798451919,0.015623169254821406,0.04090562437417299,0.0021001048310533258,0.02742608323783952,0.2281129315607573,0.5726772798451919,0.015623169254821406,0.04090562437417299,0.0021001048310533258,0.02742608323783952,0.22811565012864665,0.5726769067460992,0.015623169254821406,0.04090562437417299,0.0021001048310533258,0.02742608323783952,1.0,0.9999999993511001,0.9999999993511001,0.0,1.6047293862397893e-05,1.6047293862397893e-05,0.0,0.0007694382587555282
camels_02469800,0.6938802258082963,0.6669791127586197,0.02390855127609284,0.0869727608640102,0.002783502091258825,0.07682370539852862,0.6938802258082963,0.6669791127586197,0.02390855127609284,0.0869727608640102,0.002783502091258825,0.07682370539852862,0.693880175486596,0.6669741944240748,0.02390855127609284,0.0869727608640102,0.002783502091258825,0.07682370539852862,0.9999999999999998,0.9999999985911134,0.9999999985911134,0.0,1.6827705149324856e-06,1.6827705149324856e-06,0.0,0.002402056891427584
camels_02472000,0.7522011090200416,0.8379463943475771,0.024004706794785197,0.08578192921729406,0.0026758220568148167,0.07217296731883081,0.7522011090200416,0.8379463943475771,0.024004706794785197,0.08578192921729406,0.0026758220568148167,0.07217296731883081,0.7522018934278787,0.837959213118071,0.024004706794785197,0.08578192921729406,0.0026758220568148167,0.07217296731883081,1.0,0.9999999993502459,0.9999999993502459,0.0,0.0,0.0,0.0,0.001476406442209921
camels_02472500,0.7146772630096339,0.770657084397784,0.01686029472892715,0.04648010145578133,0.002247861674542843,0.029362632488382275,0.7146772630096339,0.770657084397784,0.01686029472892715,0.04648010145578133,0.002247861674542843,0.029362632488382275,0.7146746784959359,0.7706510768432432,0.01686029472892715,0.04648010145578133,0.002247861674542843,0.029362632488382275,1.0,0.9999999989274241,0.9999999989274241,0.0,6.645937586147177e-06,6.645937586147177e-06,0.0,0.0017550703177695581
camels_02479155,0.6016559109083657,0.5178070998211093,0.020647339695123824,0.06382519023655395,0.0025999766092513203,0.050575986014901986,0.6016559109083657,0.5178070998211093,0.020647339695123824,0.06382519023655395,0.0025999766092513203,0.050575986014901986,0.6016478315808513,0.5177944211223582,0.020647339695123824,0.06382519023655395,0.0025999766092513203,0.050575986014901986,1.0,0.9999999978802016,0.9999999978802016,0.0,2.9368876637292374e-06,2.9368876637292374e-06,0.0,0.0022536839843247947
camels_02479300,0.8109325432922454,0.7946048643270807,0.014481921708608013,0.03457756468055215,0.0019259170392947555,0.01897725652729522,0.8109325432922454,0.7946048643270807,0.014481921708608013,0.03457756468055215,0.0019259170392947555,0.01897725652729522,0.8109359529720415,0.7945901369277885,0.014481921708608013,0.03457756468055215,0.0019259170392947555,0.01897725652729522,0.9999999999999998,0.9999999982234407,0.9999999982234407,0.0,2.2155877830609683e-05,2.2155877830609683e-05,0.0,0.003067082716858849
camels_02479560,0.8823327505808023,0.8449533761255251,0.016845203268116917,0.0496921090518727,0.0021212064228483436,0.035242487305801734,0.8823327505808023,0.8449533761255251,0.016845203268116917,0.0496921090518727,0.0021212064228483436,0.035242487305801734,0.8823333426216681,0.8449465600926928,0.016845203268116917,0.0496921090518727,0.0021212064228483436,0.035242487305801734,0.9999999999999998,0.9999999992347024,0.9999999992347024,0.0,1.724241617040434e-05,1.724241617040434e-05,0.0,0.0021113351414401293
camels_02481000,0.7188799636009748,0.6589623838237644,0.0246760350937292,0.082233957441535,0.0027811815482365917,0.069921705543874,0.7188799636009748,0.6589623838237644,0.0246760350937292,0.082233957441535,0.0027811815482365917,0.069921705543874,0.7188703136636898,0.6589456470780297,0.0246760350937292,0.082233957441535,0.0027811815482365917,0.069921705543874,1.0,0.9999999971223302,0.9999999971223302,0.0,3.0601469180879803e-06,3.0601469180879803e-06,0.0,0.004558433445225996
camels_02481510,0.67924977844691,0.5966722808320502,0.01865108772417111,0.0543939679437912,0.0023082529313665856,0.04020225648705906,0.67924977844691,0.5966722808320502,0.01865108772417111,0.0543939679437912,0.0023082529313665856,0.04020225648705906,0.6792435442687821,0.5966591294266512,0.01865108772417111,0.0543939679437912,0.0023082529313665856,0.04020225648705906,1.0,0.9999999970770239,0.9999999970770239,0.0,1.236506015600547e-05,1.236506015600547e-05,0.0,0.004863876850432991
camels_03010655,0.847249089368425,0.8790973592103613,0.04029476483018113,0.04699792300953585,0.0016602308706627899,0.03433470426176431,0.847249089368425,0.8790973592103613,0.04029476483018113,0.04699792300953585,0.0016602308706627899,0.03433470426176431,0.8472450550149943,0.8791024388546127,0.04029476483018113,0.04699792300953585,0.0016602308706627899,0.03433470426176431,1.0,0.9999999992344385,0.9999999992344385,0.0,6.119066094711911e-06,6.119066094711911e-06,0.0,0.0009199791945651015
camels_03011800,0.7589084687397417,0.8306155198935119,0.03439015355603448,0.024825660210352155,0.0015229318011363187,0.01480229205582253,0.7589084687397417,0.8306155198935119,0.03439015355603448,0.024825660210352155,0.0015229318011363187,0.01480229205582253,0.7589018051189179,0.8306133212536211,0.03439015355603448,0.024825660210352155,0.0015229318011363187,0.01480229205582253,1.0,0.999999999314541,0.999999999314541,0.0,1.3514463275576816e-05,1.3514463275576816e-05,0.0,0.0008866432293892501
camels_03015500,0.8092033893634727,0.8498739796347516,0.03589356211571374,0.03002102524948894,0.001641066901340446,0.020395972037170286,0.8092033893634727,0.8498739796347516,0.03589356211571374,0.03002102524948894,0.001641066901340446,0.020395972037170286,0.8091957440548438,0.8498693684811878,0.03589356211571374,0.03002102524948894,0.001641066901340446,0.020395972037170286,1.0,0.9999999985113978,0.9999999985113978,0.0,1.8826194986054645e-05,1.8826194986054645e-05,0.0,0.0030783164012364583
camels_03021350,0.6222625620625721,0.6678870659767528,0.03608414764094788,0.03172716059500982,0.0018108641158252894,0.026187845272660014,0.6222625620625721,0.6678870659767528,0.03608414764094788,0.03172716059500982,0.0018108641158252894,0.026187845272660014,0.622249692995933,0.6678755758409047,0.03608414764094788,0.03172716059500982,0.0018108641158252894,0.026187845272660014,0.9999999999999999,0.9999999975811836,0.9999999975811836,0.0,1.843569588677596e-05,1.843569588677596e-05,0.0,0.003976156217976534
camels_03026500,0.7266309291422199,0.8151678921643591,0.037587929158858786,0.03459099388509445,0.0016413966734075643,0.024334118767635818,0.7266309291422199,0.8151678921643591,0.037587929158858786,0.03459099388509445,0.0016413966734075643,0.024334118767635818,0.7266233475216257,0.8151658558083053,0.037587929158858786,0.03459099388509445,0.0016413966734075643,0.024334118767635818,0.9999999999999998,0.9999999993250809,0.9999999993250809,0.0,1.3131909095243088e-05,1.3131909095243088e-05,0.0,0.0012067710467182913
camels_03028000,0.773864636823528,0.8046260535737928,0.035413379166237484,0.031542754801968775,0.001568535278583395,0.020916889453756398,0.773864636823528,0.8046260535737928,0.035413379166237484,0.031542754801968775,0.001568535278583395,0.020916889453756398,0.7738585916198041,0.8046218192154537,0.035413379166237484,0.031542754801968775,0.001568535278583395,0.020916889453756398,1.0,0.9999999994073687,0.9999999994073687,0.0,1.0984791724677478e-05,1.0984791724677478e-05,0.0,0.0007979002266762514
camels_03049000,0.699136584167802,0.817016869365379,0.03739201969355647,0.04980012727315721,0.0020215349797061202,0.03635763551352232,0.699136584167802,0.817016869365379,0.03739201969355647,0.04980012727315721,0.0020215349797061202,0.03635763551352232,0.6991325393274697,0.817018743165985,0.03739201969355647,0.04980012727315721,0.0020215349797061202,0.03635763551352232,1.0,0.999999999253738,0.999999999253738,0.0,1.6371650484403588e-05,1.6371650484403588e-05,0.0,0.0007831266331939091
camels_03049800,0.6085054124770493,0.7700902414507661,0.04169814320655188,0.0700760096613824,0.002607816324756305,0.054840804403742234,0.6085054124770493,0.7700902414507661,0.04169814320655188,0.0700760096613824,0.002607816324756305,0.054840804403742234,0.6085007447241232,0.770095150189223,0.04169814320655188,0.0700760096613824,0.002607816324756305,0.054840804403742234,0.9999999999999999,0.9999999996152192,0.9999999996152192,0.0,7.799935200392127e-06,7.799935200392127e-06,0.0,0.0006820773769429245
camels_03076600,0.7295795910338051,0.8258761996052363,0.03802624561240175,0.047021300990973236,0.0018056269107919194,0.03689119133939608,0.7295795910338051,0.8258761996052363,0.03802624561240175,0.047021300990973236,0.0018056269107919194,0.03689119133939608,0.7295773731730613,0.8258806737583859,0.03802624561240175,0.047021300990973236,0.0018056269107919194,0.03689119133939608,1.0,0.9999999990459761,0.9999999990459761,0.0,1.410855926375909e-05,1.410855926375909e-05,0.0,0.001924023070706049
camels_03078000,0.7011368286704367,0.8103815064035558,0.03916298284008343,0.047440318790459006,0.0019411247593877764,0.04044374848959654,0.7011368286704367,0.8103815064035558,0.03916298284008343,0.047440318790459006,0.0019411247593877764,0.04044374848959654,0.7011320699187921,0.8103815021814806,0.03916298284008343,0.047440318790459006,0.0019411247593877764,0.04044374848959654,1.0,0.9999999993651739,0.9999999993651739,0.0,1.5304869990462322e-05,1.5304869990462322e-05,0.0,0.0017365628135124211
camels_03140000,0.5203665583460526,0.6682519389148325,0.04234629973436708,0.0811678424084646,0.0023180255299891225,0.0629500692804735,0.5203665583460526,0.6682519389148325,0.04234629973436708,0.0811678424084646,0.0023180255299891225,0.0629500692804735,0.5203598658945081,0.6682527683872896,0.04234629973436708,0.0811678424084646,0.0023180255299891225,0.0629500692804735,0.9999999999999999,0.9999999991825136,0.9999999991825136,0.0,3.215561901193098e-06,3.215561901193098e-06,0.0,0.0013010134099635806
camels_03144000,0.7291895708395076,0.7813426796880034,0.04238009501180591,0.08518971100782043,0.002282524229788635,0.06850401160683157,0.7291895708395076,0.7813426796880034,0.04238009501180591,0.08518971100782043,0.002282524229788635,0.06850401160683157,0.7291870749961686,0.7813546953242474,0.04238009501180591,0.08518971100782043,0.002282524229788635,0.06850401160683157,0.9999999999999999,0.9999999990621654,0.9999999990621654,0.0,0.0,0.0,0.0,0.001414117114609148
camels_03159540,0.6519435116851043,0.6739843979002216,0.042283774292735006,0.099862149375931,0.00286345027281353,0.08697740504514373,0.6519435116851043,0.6739843979002216,0.042283774292735006,0.099862149375931,0.00286345027281353,0.08697740504514373,0.651938018127425,0.6739855964786141,0.042283774292735006,0.099862149375931,0.00286345027281353,0.08697740504514373,1.0,0.999999997393056,0.999999997393056,0.0,0.0,0.0,0.0,0.00223676043588128
camels_03161000,0.6676482630438876,0.7845600193030455,0.019271620195245646,0.008237803248314537,0.001162265667325343,0.0010919823124249132,0.6676482630438876,0.7845600193030455,0.019271620195245646,0.008237803248314537,0.001162265667325343,0.0010919823124249132,0.667649243481644,0.7845568986841148,0.019271620195245646,0.008237803248314537,0.001162265667325343,0.0010919823124249132,0.9999999999999999,0.9999999987465364,0.9999999987465364,0.0,2.1968094273905336e-05,2.1968094273905336e-05,0.0,0.0011126346746430649
camels_03164000,0.7459512123498122,0.8345137775263408,0.020632915806335077,0.014453030212897558,0.0013019741427825865,0.003812977943652542,0.7459512123498122,0.8345137775263408,0.020632915806335077,0.014453030212897558,0.0013019741427825865,0.003812977943652542,0.7459558474167203,0.8345134007617411,0.020632915806335077,0.014453030212897558,0.0013019741427825865,0.003812977943652542,1.0,0.9999999987556472,0.9999999987556472,0.0,2.7512977089694246e-05,2.7512977089694246e-05,0.0,0.0008326356537660118
camels_03165000,0.5654886888141952,0.7196265243721092,0.019293193159432245,0.010654872522876422,0.0012815769013720159,0.0021362988750542877,0.5654886888141952,0.7196265243721092,0.019293193159432245,0.010654872522876422,0.0012815769013720159,0.0021362988750542877,0.5654810287278966,0.7196213153437813,0.019293193159432245,0.010654872522876422,0.0012815769013720159,0.0021362988750542877,0.9999999999999999,0.9999999993004347,0.9999999993004347,0.0,2.4816063636468044e-05,2.4816063636468044e-05,0.0,0.001036091084253954
camels_03170000,0.6350032183734138,0.7562005165600878,0.0227291544359064,0.03037489993577071,0.0015943630230112443,0.013941032697898138,0.6350032183734138,0.7562005165600878,0.0227291544359064,0.03037489993577071,0.0015943630230112443,0.013941032697898138,0.6350051032561956,0.756198551470746,0.0227291544359064,0.03037489993577071,0.0015943630230112443,0.013941032697898138,1.0,0.9999999989807652,0.9999999989807652,0.0,1.1868744833387623e-05,1.1868744833387623e-05,0.0,0.0010232413983275457
camels_03173000,0.6775554341947175,0.7059941970647943,0.03260712343103746,0.06543404074276195,0.0020071139925633675,0.05111710043514476,0.6775554341947175,0.7059941970647943,0.03260712343103746,0.06543404074276195,0.0020071139925633675,0.05111710043514476,0.6775567090082614,0.7059976499204144,0.03260712343103746,0.06543404074276195,0.0020071139925633675,0.05111710043514476,0.9999999999999998,0.9999999989997688,0.9999999989997688,0.0,4.859189307593326e-06,4.859189307593326e-06,0.0,0.0008334956945810212
camels_03213700,0.6514072129727537,0.7080874609959965,0.029383329348922016,0.05346584977774785,0.0019470989583230164,0.037639628752733585,0.6514072129727537,0.7080874609959965,0.029383329348922016,0.05346584977774785,0.0019470989583230164,0.037639628752733585,0.6514081458260226,0.7080872306545192,0.029383329348922016,0.05346584977774785,0.0019470989583230164,0.037639628752733585,1.0,0.9999999988216898,0.9999999988216898,0.0,1.4040527368974764e-05,1.4040527368974764e-05,0.0,0.0012566352335658948
camels_03237280,0.3941857545072628,0.49929144379783696,0.0397056068900149,0.09192397792731047,0.0026153541239957055,0.07946566877693965,0.3941857545072628,0.49929144379783696,0.0397056068900149,0.09192397792731047,0.0026153541239957055,0.07946566877693965,0.39417623271756974,0.49928650552540976,0.0397056068900149,0.09192397792731047,0.0026153541239957055,0.07946566877693965,1.0,0.9999999986319301,0.9999999986319301,0.0,0.0,0.0,0.0,0.0018844508741278077
camels_03237500,0.4435301175536298,0.562622443872083,0.045709534929441874,0.09564854310443871,0.0030014496546004413,0.08418138360880452,0.4435301175536298,0.562622443872083,0.045709534929441874,0.09564854310443871,0.0030014496546004413,0.08418138360880452,0.4435189210978233,0.562614129361809,0.045709534929441874,0.09564854310443871,0.0030014496546004413,0.08418138360880452,1.0,0.9999999983357322,0.9999999983357322,0.0,0.0,0.0,0.0,0.0017524132334081344
camels_03241500,0.7743780470016347,0.7932056636331798,0.04386394725126379,0.05428963249160117,0.002407499742798099,0.04232154134320923,0.7743780470016347,0.7932056636331798,0.04386394725126379,0.05428963249160117,0.002407499742798099,0.04232154134320923,0.7743703268309342,0.7932034861826546,0.04386394725126379,0.05428963249160117,0.002407499742798099,0.04232154134320923,1.0,0.9999999978377886,0.9999999978377886,0.0,1.1936012938029705e-05,1.1936012938029705e-05,0.0,0.002900985998222083
camels_03291780,0.4894474272048175,0.5854074576409913,0.042785010037992836,0.0852436707904808,0.0029441304912915336,0.07177275992310313,0.4894474272048175,0.5854074576409913,0.042785010037992836,0.0852436707904808,0.0029441304912915336,0.07177275992310313,0.4894158252715767,0.5853821617986837,0.042785010037992836,0.0852436707904808,0.0029441304912915336,0.07177275992310313,0.9999999999999999,0.9999999973480715,0.9999999973480715,0.0,0.0,0.0,0.0,0.005478505387152666
camels_03300400,0.6669809175227535,0.6302657802361604,0.0385837547193918,0.09409529432563704,0.0027829601605088424,0.07998542863021758,0.6669809175227535,0.6302657802361604,0.0385837547193918,0.09409529432563704,0.0027829601605088424,0.07998542863021758,0.6669773855651624,0.6302570739037254,0.0385837547193918,0.09409529432563704,0.0027829601605088424,0.07998542863021758,1.0,0.9999999981094971,0.9999999981094971,0.0,0.0,0.0,0.0,0.001868965748425655
camels_03346000,0.6079423243372474,0.569904260556713,0.05186696545831088,0.0966814455105857,0.0034077340642530585,0.07925147623367775,0.6079423243372474,0.569904260556713,0.05186696545831088,0.0966814455105857,0.0034077340642530585,0.07925147623367775,0.6079392275259297,0.5698965012831533,0.05186696545831088,0.0966814455105857,0.0034077340642530585,0.07925147623367775,1.0,0.9999999967822247,0.9999999967822247,0.0,0.0,0.0,0.0,0.002865094776322352
camels_03357350,0.37798531945187375,0.4071728598789093,0.04667878915040053,0.06660941474094352,0.0027631621815370016,0.05181507783777574,0.37798531945187375,0.4071728598789093,0.04667878915040053,0.06660941474094352,0.0027631621815370016,0.05181507783777574,0.37797201938598,0.4071575469459081,0.04667878915040053,0.06660941474094352,0.0027631621815370016,0.05181507783777574,1.0,0.9999999968704144,0.9999999968704144,0.0,0.0,0.0,0.0,0.0030929962869237215
camels_03366500,0.5958865159179774,0.5764469971725958,0.044663130971045815,0.08944317583621879,0.0030565568448080254,0.07458832452553522,0.5958865159179774,0.5764469971725958,0.044663130971045815,0.08944317583621879,0.0030565568448080254,0.07458832452553522,0.595862109145151,0.5764209404079665,0.044663130971045815,0.08944317583621879,0.0030565568448080254,0.07458832452553522,1.0,0.9999999934681506,0.9999999934681506,0.0,0.0,0.0,0.0,0.01029842798730396
camels_03368000,0.4050062799778805,0.3833473696168034,0.048461425038428624,0.09155657847561169,0.0033322139879269244,0.06874888963679997,0.4050062799778805,0.3833473696168034,0.048461425038428624,0.09155657847561169,0.0033322139879269244,0.06874888963679997,0.40498318105341147,0.38332005883915155,0.048461425038428624,0.09155657847561169,0.0033322139879269244,0.06874888963679997,1.0,0.9999999955217722,0.9999999955217722,0.0,0.0,0.0,0.0,0.002699434101472775
camels_03384450,0.517589854476447,0.4537304843618264,0.039501871105139925,0.11406058104478321,0.002930537150307553,0.09619480465778714,0.517589854476447,0.4537304843618264,0.039501871105139925,0.11406058104478321,0.002930537150307553,0.09619480465778714,0.5175606467701073,0.45369672633815283,0.039501871105139925,0.11406058104478321,0.002930537150307553,0.09619480465778714,0.9999999999999999,0.9999999902155008,0.9999999902155008,0.0,0.0,0.0,0.0,0.009372827042502418
camels_03439000,0.7188007150791921,0.8449260439160227,0.017727207702265307,0.004446669524388188,0.0010792912624428771,0.000308958247575992,0.7188007150791921,0.8449260439160227,0.017727207702265307,0.004446669524388188,0.0010792912624428771,0.000308958247575992,0.7187933342911712,0.8449204921085698,0.017727207702265307,0.004446669524388188,0.0010792912624428771,0.000308958247575992,1.0,0.9999999987254252,0.9999999987254252,0.0,6.0031906373048116e-05,6.0031906373048116e-05,0.0,0.0027020713370511373
camels_03455500,0.7081041303258907,0.8040124522199238,0.022330583955404968,0.006996635781340376,0.001181902290599583,0.0014671560988948505,0.7081041303258907,0.8040124522199238,0.022330583955404968,0.006996635781340376,0.001181902290599583,0.0014671560988948505,0.7080957385380966,0.8040047698429578,0.022330583955404968,0.006996635781340376,0.001181902290599583,0.0014671560988948505,1.0,0.9999999991548335,0.9999999991548335,0.0,5.303760762220833e-05,5.303760762220833e-05,0.0,0.0020403635275076937
camels_03456500,0.6979207267307352,0.7768645213281498,0.020013291937342522,0.012041903025721922,0.0012326311146269946,0.00463452336754325,0.6979207267307352,0.7768645213281498,0.020013291937342522,0.012041903025721922,0.0012326311146269946,0.00463452336754325,0.6979120244170536,0.7768572517406063,0.020013291937342522,0.012041903025721922,0.0012326311146269946,0.00463452336754325,1.0,0.9999999993255164,0.9999999993255164,0.0,1.6305446976616622e-05,1.6305446976616622e-05,0.0,0.0013085786836999347
camels_03460000,0.809107346059297,0.8837839050450547,0.020626343965046787,0.01089912747272855,0.0012442811749286149,0.003017733008818017,0.809107346059297,0.8837839050450547,0.020626343965046787,0.01089912747272855,0.0012442811749286149,0.003017733008818017,0.809102441140116,0.8837816691246784,0.020626343965046787,0.01089912747272855,0.0012442811749286149,0.003017733008818017,1.0,0.99999999953751,0.99999999953751,0.0,1.4090952999756823e-05,1.4090952999756823e-05,0.0,0.0012513325934175867
camels_03463300,0.6044690003083515,0.6749828132595834,0.022108421557815273,0.011044994377461214,0.0012124921438901952,0.004565541908658784,0.6044690003083515,0.6749828132595834,0.022108421557815273,0.011044994377461214,0.0012124921438901952,0.004565541908658784,0.6044592976754358,0.6749719356123882,0.022108421557815273,0.011044994377461214,0.0012124921438901952,0.004565541908658784,1.0,0.9999999987436479,0.9999999987436479,0.0,5.1930828631086e-05,5.1930828631086e-05,0.0,0.0018348447322935613
camels_03471500,0.7926702397831864,0.8498460982241923,0.025528382771397216,0.031071065163757447,0.001542174308343543,0.016717815786056054,0.7926702397831864,0.8498460982241923,0.025528382771397216,0.031071065163757447,0.001542174308343543,0.016717815786056054,0.7926691328251494,0.8498432072179714,0.025528382771397216,0.031071065163757447,0.001542174308343543,0.016717815786056054,1.0,0.9999999992674397,0.9999999992674397,0.0,1.574132679715845e-05,1.574132679715845e-05,0.0,0.0007298454162780743
camels_03473000,0.8011207667137196,0.8748901795026542,0.024202981295014976,0.025912993239582672,0.001526584393112461,0.012981392645690794,0.8011207667137196,0.8748901795026542,0.024202981295014976,0.025912993239582672,0.001526584393112461,0.012981392645690794,0.8011197709749734,0.8748883590906289,0.024202981295014976,0.025912993239582672,0.001526584393112461,0.012981392645690794,1.0,0.99999999857894,0.99999999857894,0.0,2.511510609937151e-05,2.511510609937151e-05,0.0,0.0016005616198677686
camels_03479000,0.6190312745268041,0.6904174802058934,0.02315759329960264,0.019260164690307866,0.001428615369854786,0.008663963933020045,0.6190312745268041,0.6904174802058934,0.02315759329960264,0.019260164690307866,0.001428615369854786,0.008663963933020045,0.6190252180409621,0.690409722061972,0.02315759329960264,0.019260164690307866,0.001428615369854786,0.008663963933020045,1.0,0.9999999989746897,0.9999999989746897,0.0,2.2766526556639022e-05,2.2766526556639022e-05,0.0,0.0010884647410449588
camels_03488000,0.743886588532654,0.8093495928837416,0.029743649558169848,0.04879741552635332,0.0018998275663983267,0.0353185255193807,0.743886588532654,0.8093495928837416,0.029743649558169848,0.04879741552635332,0.0018998275663983267,0.0353185255193807,0.7438851226868406,0.8093497093378476,0.029743649558169848,0.04879741552635332,0.0018998275663983267,0.0353185255193807,1.0,0.9999999991140903,0.9999999991140903,0.0,1.4444934176571778e-05,1.4444934176571778e-05,0.0,0.0008938803185327693
camels_03498500,0.6885112919119871,0.7471239262217442,0.02129275339370325,0.022970718979593706,0.0016183331820350632,0.013069317838966726,0.6885112919119871,0.7471239262217442,0.02129275339370325,0.022970718979593706,0.0016183331820350632,0.013069317838966726,0.688505313722339,0.7471147776488788,0.02129275339370325,0.022970718979593706,0.0016183331820350632,0.013069317838966726,1.0,0.9999999982139391,0.9999999982139391,0.0,2.672217611721095e-05,2.672217611721095e-05,0.0,0.0033745405995659894
camels_03500000,0.746728182379591,0.8664475955673487,0.017273746204182778,0.00970606426680064,0.0012324760216486624,0.0025100198527136875,0.746728182379591,0.8664475955673487,0.017273746204182778,0.00970606426680064,0.0012324760216486624,0.0025100198527136875,0.7467321396229778,0.8664578311698354,0.017273746204182778,0.00970606426680064,0.0012324760216486624,0.0025100198527136875,1.0,0.9999999986818995,0.9999999986818995,0.0,3.2883954652174197e-05,3.2883954652174197e-05,0.0,0.0014745601154793064
camels_03500240,0.7276980500574668,0.8374585009538433,0.01858697160020561,0.012448019043185406,0.0013072281531823335,0.0038282246183430207,0.7276980500574668,0.8374585009538433,0.01858697160020561,0.012448019043185406,0.0013072281531823335,0.0038282246183430207,0.7276995321799071,0.8374777837843201,0.01858697160020561,0.012448019043185406,0.0013072281531823335,0.0038282246183430207,0.9999999999999998,0.9999999989503412,0.9999999989503412,0.0,3.0030567336414293e-05,3.0030567336414293e-05,0.0,0.0015010529240919723
camels_03504000,0.8046905886565582,0.9000643811377086,0.017780546726126216,0.004137100215857701,0.0010883391749786314,0.00031549464344494727,0.8046905886565582,0.9000643811377086,0.017780546726126216,0.004137100215857701,0.0010883391749786314,0.00031549464344494727,0.8046848106204652,0.9000677565578814,0.017780546726126216,0.004137100215857701,0.0010883391749786314,0.00031549464344494727,0.9999999999999999,0.9999999991323184,0.9999999991323184,0.0,7.54243198417548e-05,7.54243198417548e-05,0.0,0.0018691404409167944
camels_03574500,0.7230003966357506,0.7578536452594153,0.0278662892432532,0.07240436391462902,0.002477091756360284,0.06176519800151337,0.7230003966357506,0.7578536452594153,0.0278662892432532,0.07240436391462902,0.002477091756360284,0.06176519800151337,0.7230032089415255,0.7578519607113818,0.0278662892432532,0.07240436391462902,0.002477091756360284,0.06176519800151337,1.0,0.9999999987095187,0.9999999987095187,0.0,1.485449513705106e-05,1.485449513705106e-05,0.0,0.002102149276344001
camels_03592718,0.5617563188394958,0.6236467609896267,0.024106099591052074,0.0694698914069433,0.0026238959894702594,0.05792946651064117,0.5617563188394958,0.6236467609896267,0.024106099591052074,0.0694698914069433,0.0026238959894702594,0.05792946651064117,0.5617527425094873,0.6236450002173684,0.024106099591052074,0.0694698914069433,0.0026238959894702594,0.05792946651064117,1.0,0.9999999993533911,0.9999999993533911,0.0,8.72176845412298e-07,8.72176845412298e-07,0.0,0.000696621234403505
camels_03604000,0.38270413064107467,0.36956803073824773,0.017097709145072023,0.0246622383473611,0.0016278332193773127,0.011115227171180214,0.38270413064107467,0.36956803073824773,0.017097709145072023,0.0246622383473611,0.0016278332193773127,0.011115227171180214,0.38270134107289566,0.3695571184949512,0.017097709145072023,0.0246622383473611,0.0016278332193773127,0.011115227171180214,1.0,0.999999992746581,0.999999992746581,0.0,2.066873336792341e-05,2.066873336792341e-05,0.0,0.008743052709591304
camels_04015330,0.5808934595165836,0.5512004619485624,0.08897469232338678,0.10546336764012583,0.0019133123374613981,0.05892628327344542,0.5808934595165836,0.5512004619485624,0.08897469232338678,0.10546336764012583,0.0019133123374613981,0.05892628327344542,0.5808886226146595,0.5512020289208668,0.08897469232338678,0.10546336764012583,0.0019133123374613981,0.05892628327344542,0.9999999999999998,0.9999999988613965,0.9999999988613965,0.0,0.0,0.0,0.0,0.001989924532922238
camels_04024430,0.669553663775414,0.6605244552138524,0.08307866837383526,0.08028546501608456,0.0018396744379890859,0.03946810523104716,0.669553663775414,0.6605244552138524,0.08307866837383526,0.08028546501608456,0.0018396744379890859,0.03946810523104716,0.6695526641914527,0.6605262678846134,0.08307866837383526,0.08028546501608456,0.0018396744379890859,0.03946810523104716,1.0,0.9999999987346317,0.9999999987346317,0.0,0.0,0.0,0.0,0.0016594319297844606
camels_04027000,0.894017400652336,0.8621642272903269,0.07337319023952522,0.07296009798804355,0.0016273464924423497,0.03670571580619889,0.894017400652336,0.8621642272903269,0.07337319023952522,0.07296009798804355,0.0016273464924423497,0.03670571580619889,0.89401610522171,0.8621861170785852,0.07337319023952522,0.07296009798804355,0.0016273464924423497,0.03670571580619889,1.0,0.9999999993815321,0.9999999993815321,0.0,0.0,0.0,0.0,0.0008620419107558952
camels_04040500,0.9494427943800977,0.8291992565604775,0.07667960578964883,0.07481774877583038,0.001656896976138225,0.044442800866179244,0.9494427943800977,0.8291992565604775,0.07667960578964883,0.07481774877583038,0.001656896976138225,0.044442800866179244,0.9494434662493629,0.8292142416088705,0.07667960578964883,0.07481774877583038,0.001656896976138225,0.044442800866179244,0.9999999999999999,0.9999999996773392,0.9999999996773392,0.0,0.0,0.0,0.0,0.000812139422731839
camels_04043050,0.830879823442763,0.9058821764715619,0.058190897850671115,0.035051836009925084,0.0014260252639197917,0.015240982338090939,0.830879823442763,0.9058821764715619,0.058190897850671115,0.035051836009925084,0.0014260252639197917,0.015240982338090939,0.8308767415654302,0.9058859913749477,0.058190897850671115,0.035051836009925084,0.0014260252639197917,0.015240982338090939,0.9999999999999999,0.9999999994427824,0.9999999994427824,0.0,1.1897349267320223e-05,1.1897349267320223e-05,0.0,0.0018526582794571311
camels_04045500,0.9750040803244373,0.9279958157852303,0.055058827119715076,0.0387108019350992,0.0012955706936834308,0.01758399986592074,0.9750040803244373,0.9279958157852303,0.055058827119715076,0.0387108019350992,0.0012955706936834308,0.01758399986592074,0.9750080074796719,0.9280158804501688,0.055058827119715076,0.0387108019350992,0.0012955706936834308,0.01758399986592074,1.0,0.9999999995941626,0.9999999995941626,0.0,8.0405046041232e-06,8.0405046041232e-06,0.0,0.0006232656092297617
camels_04056500,0.9726516282158936,0.9236776709428894,0.04950334808163904,0.028090386845277242,0.0012240899262031726,0.0105705578960705,0.9726516282158936,0.9236776709428894,0.04950334808163904,0.028090386845277242,0.0012240899262031726,0.0105705578960705,0.9726555770207759,0.9236959076280828,0.04950334808163904,0.028090386845277242,0.0012240899262031726,0.0105705578960705,1.0,0.99999999986221,0.99999999986221,0.0,1.3854572769034235e-05,1.3854572769034235e-05,0.0,0.0002955258737595834
camels_04057510,0.9500042984062373,0.8863592924988948,0.06252744415468908,0.05795757456193348,0.0014873117510735626,0.027616750976376794,0.9500042984062373,0.8863592924988948,0.06252744415468908,0.05795757456193348,0.0014873117510735626,0.027616750976376794,0.9500066520676024,0.8863784295445873,0.06252744415468908,0.05795757456193348,0.0014873117510735626,0.027616750976376794,1.0,0.9999999995896179,0.9999999995896179,0.0,7.29547561961752e-06,7.29547561961752e-06,0.0,0.0006211418510631006
camels_04057800,0.9359767856528735,0.8815127853085042,0.0737495406887836,0.06251166848575368,0.001541011280268733,0.0324543331989652,0.9359767856528735,0.8815127853085042,0.0737495406887836,0.06251166848575368,0.001541011280268733,0.0324543331989652,0.9359764472172614,0.8815299344382918,0.0737495406887836,0.06251166848575368,0.001541011280268733,0.0324543331989652,1.0,0.9999999994666906,0.9999999994666906,0.0,0.0,0.0,0.0,0.001671631887957048
camels_04059500,0.8880140106033062,0.6304959452540759,0.08072614379635205,0.10226051531747195,0.0017680048700762085,0.05758841555210446,0.8880140106033062,0.6304959452540759,0.08072614379635205,0.10226051531747195,0.0017680048700762085,0.05758841555210446,0.8880154718675626,0.6305070304881095,0.08072614379635205,0.10226051531747195,0.0017680048700762085,0.05758841555210446,1.0,0.9999999997269093,0.9999999997269093,0.0,0.0,0.0,0.0,0.00048007215413559123
camels_04063700,0.8874496576018558,0.710875722046288,0.07629929362639452,0.08570587127252234,0.0016051395427866349,0.042156213292243755,0.8874496576018558,0.710875722046288,0.07629929362639452,0.08570587127252234,0.0016051395427866349,0.042156213292243755,0.8874530030091282,0.7108895572454516,0.07629929362639452,0.08570587127252234,0.0016051395427866349,0.042156213292243755,1.0,0.9999999992647778,0.9999999992647778,0.0,0.0,0.0,0.0,0.000492812482577154
camels_04074950,0.9451083357572332,0.9391897172557435,0.06407576245661924,0.03774711926133347,0.0014181583938443878,0.010419041051342328,0.9451083357572332,0.9391897172557435,0.06407576245661924,0.03774711926133347,0.0014181583938443878,0.010419041051342328,0.9451162172369588,0.9392165188214258,0.06407576245661924,0.03774711926133347,0.0014181583938443878,0.010419041051342328,1.0,0.9999999993223616,0.9999999993223616,0.0,9.224808823482533e-06,9.224808823482533e-06,0.0,0.00033322810830060945
camels_04105700,0.8225851087786731,0.8858257019861887,0.0336137481441846,0.015519668316018993,0.001372363117597166,0.002718682027975396,0.8225851087786731,0.8858257019861887,0.0336137481441846,0.015519668316018993,0.001372363117597166,0.002718682027975396,0.8225995999429476,0.885847140825342,0.0336137481441846,0.015519668316018993,0.001372363117597166,0.002718682027975396,1.0,0.9999999989781594,0.9999999989781594,0.0,1.250322508150603e-05,1.250322508150603e-05,0.0,0.0005854321636187265
camels_04122200,0.862123750574509,0.8738940342728163,0.034935986439548206,0.01742582533954365,0.0012354545612606026,0.0034062734482012704,0.862123750574509,0.8738940342728163,0.034935986439548206,0.01742582533954365,0.0012354545612606026,0.0034062734482012704,0.8621418959923858,0.873916405513729,0.034935986439548206,0.01742582533954365,0.0012354545612606026,0.0034062734482012704,1.0,0.9999999991303071,0.9999999991303071,0.0,1.1397101294718937e-05,1.1397101294718937e-05,0.0,0.0005787597120971988
camels_04122500,0.8922206002029625,0.8705990621602439,0.03517538848319837,0.017079230302729422,0.0011404137824176533,0.0025124784415440434,0.8922206002029625,0.8705990621602439,0.03517538848319837,0.017079230302729422,0.0011404137824176533,0.0025124784415440434,0.8922397466795453,0.8706219698108847,0.03517538848319837,0.017079230302729422,0.0011404137824176533,0.0025124784415440434,1.0,0.999999999473836,0.999999999473836,0.0,1.523365330236004e-05,1.523365330236004e-05,0.0,0.0003836780705666065
camels_04124000,0.8614858948318594,0.8317769676964016,0.03804265422704979,0.010873210357604114,0.0010429051778379367,0.00042444886469695923,0.8614858948318594,0.8317769676964016,0.03804265422704979,0.010873210357604114,0.0010429051778379367,0.00042444886469695923,0.8615109146407658,0.8318002195547924,0.03804265422704979,0.010873210357604114,0.0010429051778379367,0.00042444886469695923,0.9999999999999999,0.9999999995623241,0.9999999995623241,0.0,1.2814725927956516e-05,1.2814725927956516e-05,0.0,0.00044217578010208314
camels_04127997,0.7619263953463982,0.8253524605701931,0.04155269878147582,0.01415046533271217,0.0011413739370767775,0.000966384305673487,0.7619263953463982,0.8253524605701931,0.04155269878147582,0.01415046533271217,0.0011413739370767775,0.000966384305673487,0.7619494321692497,0.8253852295109598,0.04155269878147582,0.01415046533271217,0.0011413739370767775,0.000966384305673487,1.0,0.9999999985915823,0.9999999985915823,0.0,9.926905818247178e-06,9.926905818247178e-06,0.0,0.0003718871067932561
camels_04161580,0.7050848979692403,0.7509522165532008,0.05425320638846191,0.05572612986845129,0.002273093614326771,0.03622493047501446,0.7050848979692403,0.7509522165532008,0.05425320638846191,0.05572612986845129,0.002273093614326771,0.03622493047501446,0.7050819116679092,0.7509542574595749,0.05425320638846191,0.05572612986845129,0.002273093614326771,0.03622493047501446,0.9999999999999999,0.9999999996253824,0.9999999996253824,0.0,0.0,0.0,0.0,0.0002577476193377226
camels_04185000,0.9025406844145105,0.8053321386128406,0.05676216373095406,0.07806192208497084,0.0025278404324823654,0.06274656872236704,0.9025406844145105,0.8053321386128406,0.05676216373095406,0.07806192208497084,0.0025278404324823654,0.06274656872236704,0.90254157732059,0.8053412821042464,0.05676216373095406,0.07806192208497084,0.0025278404324823654,0.06274656872236704,1.0,0.9999999994551786,0.9999999994551786,0.0,0.0,0.0,0.0,0.0008363398044439752
camels_04196800,0.7411640564154478,0.7017683597416102,0.05688862597482925,0.08439623385849154,0.002991520995784241,0.0684046190118693,0.7411640564154478,0.7017683597416102,0.05688862597482925,0.08439623385849154,0.002991520995784241,0.0684046190118693,0.7411628602408611,0.7017660875101925,0.05688862597482925,0.08439623385849154,0.002991520995784241,0.0684046190118693,1.0,0.9999999971917677,0.9999999971917677,0.0,0.0,0.0,0.0,0.0025553720598212593
camels_04197100,0.7706273984505985,0.7395800695269694,0.05733720961255428,0.08629725922435583,0.0029965262384008444,0.0708758804909356,0.7706273984505985,0.7395800695269694,0.05733720961255428,0.08629725922435583,0.0029965262384008444,0.0708758804909356,0.7706212698359666,0.7395776326318717,0.05733720961255428,0.08629725922435583,0.0029965262384008444,0.0708758804909356,1.0,0.9999999984446086,0.9999999984446086,0.0,0.0,0.0,0.0,0.001629171320474132
camels_04213000,0.6660073387969108,0.7107371657003803,0.040229829861716374,0.05254777672324654,0.002216142089565192,0.044048592913706934,0.6660073387969108,0.7107371657003803,0.040229829861716374,0.05254777672324654,0.002216142089565192,0.044048592913706934,0.6660045802125025,0.710730468197137,0.040229829861716374,0.05254777672324654,0.002216142089565192,0.044048592913706934,1.0,0.9999999977744216,0.9999999977744216,0.0,0.0,0.0,0.0,0.0021094176308873447
camels_04216418,0.5274393587807092,0.7214037290924449,0.0411791834337958,0.04337095837080455,0.0019722988832794872,0.034551951657927786,0.5274393587807092,0.7214037290924449,0.0411791834337958,0.04337095837080455,0.0019722988832794872,0.034551951657927786,0.5274257664468903,0.7213984696241411,0.0411791834337958,0.04337095837080455,0.0019722988832794872,0.034551951657927786,1.0,0.9999999992482319,0.9999999992482319,0.0,1.3869880916672628e-05,1.3869880916672628e-05,0.0,0.0009850054307387612
camels_04221000,0.7227712403177,0.8156945442515611,0.04271009340731174,0.046020905531444126,0.001777822637654705,0.03334107466691889,0.7227712403177,0.8156945442515611,0.04271009340731174,0.046020905531444126,0.001777822637654705,0.03334107466691889,0.7227643076046171,0.8156939643730892,0.04271009340731174,0.046020905531444126,0.001777822637654705,0.03334107466691889,0.9999999999999999,0.9999999993899594,0.9999999993899594,0.0,0.0,0.0,0.0,0.0007808796278392371
camels_04224775,0.6560822743430345,0.7914262961053569,0.044641272678336556,0.052772924334233966,0.001926678890630633,0.04008174996830629,0.6560822743430345,0.7914262961053569,0.044641272678336556,0.052772924334233966,0.001926678890630633,0.04008174996830629,0.656073120847271,0.7914328001635631,0.044641272678336556,0.052772924334233966,0.001926678890630633,0.04008174996830629,1.0,0.9999999990644929,0.9999999990644929,0.0,7.2053634294633184e-06,7.2053634294633184e-06,0.0,0.0008175499259275298
camels_04256000,0.7739637090640902,0.8797039420735476,0.039116113132685724,0.011781536202885317,0.001232087225265967,0.0032278818484493977,0.7739637090640902,0.8797039420735476,0.039116113132685724,0.011781536202885317,0.001232087225265967,0.0032278818484493977,0.7739655568681603,0.8797071994524159,0.039116113132685724,0.011781536202885317,0.001232087225265967,0.0032278818484493977,0.9999999999999998,0.9999999985185082,0.9999999985185082,0.0,2.3003681052014002e-05,2.3003681052014002e-05,0.0,0.001992234718895425
camels_04296000,0.8069165205874256,0.8773635361435647,0.04687347102600469,0.01722337014776698,0.0013087822989566332,0.005654998628411284,0.8069165205874256,0.8773635361435647,0.04687347102600469,0.01722337014776698,0.0013087822989566332,0.005654998628411284,0.806913508180878,0.8773790698339625,0.04687347102600469,0.01722337014776698,0.0013087822989566332,0.005654998628411284,0.9999999999999998,0.9999999987760744,0.9999999987760744,0.0,1.6042798933302294e-05,1.6042798933302294e-05,0.0,0.0018603911194232658
camels_05056000,0.7579512383571502,0.34049519261317596,0.1042809848127694,0.09556266676339852,0.0020657749253402617,0.045350681405522036,0.7579512383571502,0.34049519261317596,0.1042809848127694,0.09556266676339852,0.0020657749253402617,0.045350681405522036,0.7579526131030238,0.3405046360880126,0.1042809848127694,0.09556266676339852,0.0020657749253402617,0.045350681405522036,0.9999999999999998,0.9999999996446409,0.9999999996446409,0.0,0.0,0.0,0.0,0.00029601877445273317
camels_05057000,0.7007854060901609,0.34520812404737866,0.10356292724609376,0.09304402179215066,0.002002319820512381,0.043184692429238836,0.7007854060901609,0.34520812404737866,0.10356292724609376,0.09304402179215066,0.002002319820512381,0.043184692429238836,0.7007871090483289,0.3452147407007433,0.10356292724609376,0.09304402179215066,0.002002319820512381,0.043184692429238836,0.9999999999999999,0.9999999997262174,0.9999999997262174,0.0,0.0,0.0,0.0,0.00017995480853061352
camels_05057200,0.6989397197494467,-0.35898108978866916,0.11632810519143003,0.13764858594047127,0.0025795405583255914,0.09235932077403967,0.6989397197494467,-0.35898108978866916,0.11632810519143003,0.13764858594047127,0.0025795405583255914,0.09235932077403967,0.698938992275145,-0.35897136325023404,0.11632810519143003,0.13764858594047127,0.0025795405583255914,0.09235932077403967,1.0,0.9999999998383664,0.9999999998383664,0.0,0.0,0.0,0.0,0.000323873077841208
camels_05087500,0.6713038042853785,0.19500969720240335,0.10763292448032216,0.11541464691471619,0.002381915470649456,0.07212040032624714,0.6713038042853785,0.19500969720240335,0.10763292448032216,0.11541464691471619,0.002381915470649456,0.07212040032624714,0.6713035068362678,0.19501966425998007,0.10763292448032216,0.11541464691471619,0.002381915470649456,0.07212040032624714,1.0,0.9999999995814951,0.9999999995814951,0.0,0.0,0.0,0.0,0.00039722902761574197
camels_05120500,0.21741827044508077,-0.49641809993627106,0.11144766662473853,0.12443616453097268,0.002443672580602928,0.07833880256204044,0.21741827044508077,-0.49641809993627106,0.11144766662473853,0.12443616453097268,0.002443672580602928,0.07833880256204044,0.21741686895036527,-0.49641245559402547,0.11144766662473853,0.12443616453097268,0.002443672580602928,0.07833880256204044,1.0,0.9999999998447997,0.9999999998447997,0.0,0.0,0.0,0.0,0.00011804994137776248
camels_05123400,-0.024828288889661154,-0.5341460209604809,0.11567568208334654,0.12922672790155934,0.0022349699031992327,0.07638110302041075,-0.024828288889661154,-0.5341460209604809,0.11567568208334654,0.12922672790155934,0.0022349699031992327,0.07638110302041075,-0.024828068258469616,-0.534140842622179,0.11567568208334654,0.12922672790155934,0.0022349699031992327,0.07638110302041075,1.0,0.9999999997384849,0.9999999997384849,0.0,0.0,0.0,0.0,0.00011116751040840533
camels_05129115,0.9049990355398072,0.7203139461954036,0.08922887651238431,0.08043441617706484,0.0014383137588810486,0.033549607452949694,0.9049990355398072,0.7203139461954036,0.08922887651238431,0.08043441617706484,0.0014383137588810486,0.033549607452949694,0.9050015199204311,0.7203234452266799,0.08922887651238431,0.08043441617706484,0.0014383137588810486,0.033549607452949694,1.0,0.9999999996170252,0.9999999996170252,0.0,0.0,0.0,0.0,0.00039459929451535203
camels_05131500,0.8912042729735641,0.6158701959209851,0.09600145444425076,0.1047567464275244,0.0017407298329877564,0.056512603605011175,0.8912042729735641,0.6158701959209851,0.09600145444425076,0.1047567464275244,0.0017407298329877564,0.056512603605011175,0.891203732949124,0.6158830687618975,0.09600145444425076,0.1047567464275244,0.0017407298329877564,0.056512603605011175,1.0,0.999999999793646,0.999999999793646,0.0,0.0,0.0,0.0,0.0004358922061049597
camels_05291000,0.5957330865378407,0.08989513104809799,0.09729661922184013,0.11717820080492124,0.002652815389343014,0.07871274503201064,0.5957330865378407,0.08989513104809799,0.09729661922184013,0.11717820080492124,0.002652815389343014,0.07871274503201064,0.5957334779876474,0.08990687675922215,0.09729661922184013,0.11717820080492124,0.002652815389343014,0.07871274503201064,1.0,0.9999999986302596,0.9999999986302596,0.0,0.0,0.0,0.0,0.0010023710012072584
camels_05362000,0.8758526644725555,0.8126020504623769,0.08207202470326762,0.08850119476627868,0.0019228190485894318,0.0485476592491413,0.8758526644725555,0.8126020504623769,0.08207202470326762,0.08850119476627868,0.0019228190485894318,0.0485476592491413,0.8758543895524051,0.8126174011565652,0.08207202470326762,0.08850119476627868,0.0019228190485894318,0.0485476592491413,0.9999999999999999,0.9999999994167057,0.9999999994167057,0.0,0.0,0.0,0.0,0.0010935245785450576
camels_05393500,0.8385179805745632,0.8390263171625386,0.07847584072523137,0.08017288037777914,0.0018957154020576399,0.04458385993694437,0.8385179805745632,0.8390263171625386,0.07847584072523137,0.08017288037777914,0.0018957154020576399,0.04458385993694437,0.8385204633300172,0.8390515783052868,0.07847584072523137,0.08017288037777914,0.0018957154020576399,0.04458385993694437,1.0,0.9999999990845168,0.9999999990845168,0.0,0.0,0.0,0.0,0.0009985345428624726
camels_05399500,0.694624916625209,0.6544899716363253,0.09232089369582357,0.10898079552950288,0.0026440222896862223,0.07242921283714186,0.694624916625209,0.6544899716363253,0.09232089369582357,0.10898079552950288,0.0026440222896862223,0.07242921283714186,0.6946154503388806,0.6544979939171278,0.09232089369582357,0.10898079552950288,0.0026440222896862223,0.07242921283714186,1.0,0.9999999986478617,0.9999999986478617,0.0,0.0,0.0,0.0,0.001719303975597164
camels_05408000,0.3116096802285283,0.32300422066799683,0.051577063941568684,0.025916351411212048,0.001648694022915668,0.005547832620554957,0.3116096802285283,0.32300422066799683,0.051577063941568684,0.025916351411212048,0.001648694022915668,0.005547832620554957,0.311607040375385,0.32299658080705373,0.051577063941568684,0.025916351411212048,0.001648694022915668,0.005547832620554957,0.9999999999999998,0.9999999985929903,0.9999999985929903,0.0,6.922068368053758e-06,6.922068368053758e-06,0.0,0.0005422115422222262
camels_05412500,0.7746367741178433,0.7638262315976281,0.06341578578368645,0.04697751786113994,0.0017563254064285247,0.01704325260061763,0.7746367741178433,0.7638262315976281,0.06341578578368645,0.04697751786113994,0.0017563254064285247,0.01704325260061763,0.7746337661263507,0.7638201568093038,0.06341578578368645,0.04697751786113994,0.0017563254064285247,0.01704325260061763,1.0,0.9999999993421895,0.9999999993421895,0.0,3.95576649836471e-06,3.95576649836471e-06,0.0,0.0006897257125593192
camels_05413500,0.44195546215250014,0.5721697873021722,0.046300096492496515,0.023493194966964257,0.0015754896535351117,0.004562218339157879,0.44195546215250014,0.5721697873021722,0.046300096492496515,0.023493194966964257,0.0015754896535351117,0.004562218339157879,0.44195032178429783,0.5721625657982385,0.046300096492496515,0.023493194966964257,0.0015754896535351117,0.004562218339157879,1.0,0.9999999992996357,0.9999999992996357,0.0,8.298520846272694e-06,8.298520846272694e-06,0.0,0.0005960798056330319
camels_05414000,0.4297363635432919,0.48944316279471756,0.04794466896908278,0.026269645768295196,0.0015794350457723435,0.0059061209038353355,0.4297363635432919,0.48944316279471756,0.04794466896908278,0.026269645768295196,0.0015794350457723435,0.0059061209038353355,0.42972936329247047,0.48943559172952933,0.04794466896908278,0.026269645768295196,0.0015794350457723435,0.0059061209038353355,1.0,0.999999999709969,0.999999999709969,0.0,6.058288589239069e-06,6.058288589239069e-06,0.0,0.0004138732183918137
camels_05444000,0.5191118268780175,0.629852586594698,0.04825328184673317,0.03169842810949979,0.0017474862915023586,0.010338966648186922,0.5191118268780175,0.629852586594698,0.04825328184673317,0.03169842810949979,0.0017474862915023586,0.010338966648186922,0.5191111542408633,0.6298489471411706,0.04825328184673317,0.03169842810949979,0.0017474862915023586,0.010338966648186922,1.0,0.9999999991362495,0.9999999991362495,0.0,9.959192897479596e-06,9.959192897479596e-06,0.0,0.0006278470799250258
camels_05454000,0.5001719514334573,0.5192804807528779,0.05812751197428055,0.06189953879458909,0.002195886134134103,0.03676660471949084,0.5001719514334573,0.5192804807528779,0.05812751197428055,0.06189953879458909,0.002195886134134103,0.03676660471949084,0.5001598030259591,0.5192717202692789,0.05812751197428055,0.06189953879458909,0.002195886134134103,0.03676660471949084,0.9999999999999999,0.9999999978219303,0.9999999978219303,0.0,2.8661562430087884e-06,2.8661562430087884e-06,0.0,0.003031083296819004
camels_05458000,0.522049356853883,0.46736648779950474,0.07624668175501949,0.07368067418344122,0.0020752269646217084,0.03881455667120448,0.522049356853883,0.46736648779950474,0.07624668175501949,0.07368067418344122,0.0020752269646217084,0.03881455667120448,0.5220455256533272,0.4673647776694736,0.07624668175501949,0.07368067418344122,0.0020752269646217084,0.03881455667120448,1.0,0.9999999991905015,0.9999999991905015,0.0,0.0,0.0,0.0,0.0009029235283417592
camels_05466500,0.8066787685235556,0.8326046450063616,0.052285054731078855,0.061995565480199355,0.002157018440973928,0.03937018048207126,0.8066787685235556,0.8326046450063616,0.052285054731078855,0.061995565480199355,0.002157018440973928,0.03937018048207126,0.8066765345919298,0.8326111889550878,0.052285054731078855,0.061995565480199355,0.002157018440973928,0.03937018048207126,0.9999999999999999,0.99999999936184,0.99999999936184,0.0,9.908814288195344e-06,9.908814288195344e-06,0.0,0.0006819832289628458
camels_05487980,0.5275783039805605,0.5307296705736722,0.0674488508677144,0.093010691551843,0.002888856553160878,0.06441090489014167,0.5275783039805605,0.5307296705736722,0.0674488508677144,0.093010691551843,0.002888856553160878,0.06441090489014167,0.5275698360163528,0.5307203712221968,0.0674488508677144,0.093010691551843,0.002888856553160878,0.06441090489014167,1.0,0.9999999967427999,0.9999999967427999,0.0,0.0,0.0,0.0,0.0026558897721282726
camels_05489000,0.46032465852184357,0.3879987054504096,0.06752196460901845,0.09543866511532549,0.002881251484095204,0.06454265045104114,0.46032465852184357,0.3879987054504096,0.06752196460901845,0.09543866511532549,0.002881251484095204,0.06454265045104114,0.4603163632931796,0.38797827593836864,0.06752196460901845,0.09543866511532549,0.002881251484095204,0.06454265045104114,1.0,0.9999999904266216,0.9999999904266216,0.0,0.0,0.0,0.0,0.005639227212971498
camels_05495000,0.6213166187755725,0.5312281919795636,0.06395577668660068,0.10443056118173967,0.0029413633365901926,0.07331490661744898,0.6213166187755725,0.5312281919795636,0.06395577668660068,0.10443056118173967,0.0029413633365901926,0.07331490661744898,0.6213076341557663,0.53121444569479,0.06395577668660068,0.10443056118173967,0.0029413633365901926,0.07331490661744898,1.0,0.9999999975823877,0.9999999975823877,0.0,0.0,0.0,0.0,0.002729502027091435
camels_05495500,0.5720637484757849,0.5054582821645397,0.06269415957932539,0.11209075494421906,0.0033261271567663845,0.08623769578295354,0.5720637484757849,0.5054582821645397,0.06269415957932539,0.11209075494421906,0.0033261271567663845,0.08623769578295354,0.5720537762849278,0.5054496972793863,0.06269415957932539,0.11209075494421906,0.0033261271567663845,0.08623769578295354,0.9999999999999998,0.99999999640538,0.99999999640538,0.0,0.0,0.0,0.0,0.003941826496128176
camels_05501000,0.4703015133615851,0.4721167031170208,0.05614024040423349,0.09982481950678641,0.003124551212086397,0.07305554743954425,0.4703015133615851,0.4721167031170208,0.05614024040423349,0.09982481950678641,0.003124551212086397,0.07305554743954425,0.47029635229228006,0.472107076609224,0.05614024040423349,0.09982481950678641,0.003124551212086397,0.07305554743954425,1.0,0.999999997422291,0.999999997422291,0.0,0.0,0.0,0.0,0.002868472292797186
camels_05503800,0.4148446004380655,0.3772655613686021,0.05852944178706976,0.11183030939005452,0.0035186301863943106,0.08192377303241474,0.4148446004380655,0.3772655613686021,0.05852944178706976,0.11183030939005452,0.0035186301863943106,0.08192377303241474,0.41483671603713235,0.37725055767657667,0.05852944178706976,0.11183030939005452,0.0035186301863943106,0.08192377303241474,0.9999999999999999,0.9999999930654137,0.9999999930654137,0.0,0.0,0.0,0.0,0.003778665888163113
camels_05507600,0.349866135869925,0.25840519499500647,0.056059972364568805,0.10766875168372844,0.0036050576467301252,0.07991242631211967,0.349866135869925,0.25840519499500647,0.056059972364568805,0.10766875168372844,0.0036050576467301252,0.07991242631211967,0.3498581766900545,0.258387905007341,0.056059972364568805,0.10766875168372844,0.0036050576467301252,0.07991242631211967,1.0,0.9999999942603007,0.9999999942603007,0.0,0.0,0.0,0.0,0.0027497886210421374
camels_05508805,0.44259468547927294,0.4027336497748555,0.05329811452126648,0.10108235883422603,0.003334563208883723,0.0745012743719693,0.44259468547927294,0.4027336497748555,0.05329811452126648,0.10108235883422603,0.003334563208883723,0.0745012743719693,0.44258618510974723,0.40272042580383793,0.05329811452126648,0.10108235883422603,0.003334563208883723,0.0745012743719693,0.9999999999999999,0.9999999970144136,0.9999999970144136,0.0,0.0,0.0,0.0,0.002180399145355283
camels_05514500,0.6070191352196822,0.5560857546154117,0.0564712447036836,0.10935456467448577,0.003327121502487461,0.08405868499322547,0.6070191352196822,0.5560857546154117,0.0564712447036836,0.10935456467448577,0.003327121502487461,0.08405868499322547,0.6070091104722588,0.5560746106259633,0.0564712447036836,0.10935456467448577,0.003327121502487461,0.08405868499322547,1.0,0.9999999933923904,0.9999999933923904,0.0,0.0,0.0,0.0,0.0030443176653243142
camels_05525500,0.7845986675459643,0.7048056048053075,0.05601252000665568,0.08593720441899483,0.0026952551538030225,0.06760634370072618,0.7845986675459643,0.7048056048053075,0.05601252000665568,0.08593720441899483,0.0026952551538030225,0.06760634370072618,0.7845982734579142,0.7048102014408535,0.05601252000665568,0.08593720441899483,0.0026952551538030225,0.06760634370072618,1.0,0.9999999988883527,0.9999999988883527,0.0,0.0,0.0,0.0,0.0013293539272380972
camels_05556500,0.617067207241736,0.5771354054675915,0.056635417512657674,0.07183003454614605,0.0022982803851547395,0.05091983880280965,0.617067207241736,0.5771354054675915,0.056635417512657674,0.07183003454614605,0.0022982803851547395,0.05091983880280965,0.6170617796256499,0.5771342028227804,0.056635417512657674,0.07183003454614605,0.0022982803851547395,0.05091983880280965,0.9999999999999999,0.9999999973862048,0.9999999973862048,0.0,4.0264269736134395e-06,4.0264269736134395e-06,0.0,0.0019681538361497886
camels_05584500,0.7491648410973377,0.7041997171177863,0.05877588980096349,0.1006438218555876,0.002740457430330783,0.07312307918772978,0.7491648410973377,0.7041997171177863,0.05877588980096349,0.1006438218555876,0.002740457430330783,0.07312307918772978,0.7491628403149968,0.7042028978869099,0.05877588980096349,0.1006438218555876,0.002740457430330783,0.07312307918772978,0.9999999999999999,0.9999999986795479,0.9999999986795479,0.0,0.0,0.0,0.0,0.001903995242011458
camels_05585000,0.8494469709789623,0.7771866156130173,0.05856025649374445,0.09613265217438673,0.002685928731612695,0.06933204387796336,0.8494469709789623,0.7771866156130173,0.05856025649374445,0.09613265217438673,0.002685928731612695,0.06933204387796336,0.8494465832054188,0.7771941777681702,0.05856025649374445,0.09613265217438673,0.002685928731612695,0.06933204387796336,1.0,0.999999999429553,0.999999999429553,0.0,0.0,0.0,0.0,0.0006489947797652107
camels_05591550,0.4710966256173884,0.5596267965376258,0.04428837836151433,0.0645184747103987,0.002651071548461914,0.04943549057533001,0.4710966256173884,0.5596267965376258,0.04428837836151433,0.0645184747103987,0.002651071548461914,0.04943549057533001,0.47108882537100505,0.5596192011818211,0.04428837836151433,0.0645184747103987,0.002651071548461914,0.04943549057533001,1.0,0.9999999989686009,0.9999999989686009,0.0,5.663084889917513e-07,5.663084889917513e-07,0.0,0.0011136189832878785
camels_05592050,0.5287748442816961,0.5691008590785274,0.050034804276472174,0.08284319709329044,0.0029597853066713285,0.06574968566275513,0.5287748442816961,0.5691008590785274,0.050034804276472174,0.08284319709329044,0.0029597853066713285,0.06574968566275513,0.5287684084380238,0.5690976074740286,0.050034804276472174,0.08284319709329044,0.0029597853066713285,0.06574968566275513,1.0,0.9999999986282407,0.9999999986282407,0.0,0.0,0.0,0.0,0.0012069053361423165
camels_05593575,0.45766820848477907,0.4019215319425522,0.052786697480547984,0.11628113721495467,0.004050450731242646,0.09364056693612925,0.45766820848477907,0.4019215319425522,0.052786697480547984,0.11628113721495467,0.004050450731242646,0.09364056693612925,0.4576482651944297,0.4018921041229978,0.052786697480547984,0.11628113721495467,0.004050450731242646,0.09364056693612925,1.0,0.9999999854308309,0.9999999854308309,0.0,0.0,0.0,0.0,0.01048652389422644
camels_05593900,0.38148683282529694,0.38222023679972883,0.05353125984238321,0.09591642925270188,0.00353387790084127,0.07435907514777193,0.38148683282529694,0.38222023679972883,0.05353125984238321,0.09591642925270188,0.00353387790084127,0.07435907514777193,0.38147058787739707,0.3822006596462255,0.05353125984238321,0.09591642925270188,0.00353387790084127,0.07435907514777193,0.9999999999999999,0.9999999963769738,0.9999999963769738,0.0,0.0,0.0,0.0,0.002505670355030132
camels_05595730,0.4801906956506763,0.44329829995402414,0.04862813736797588,0.09945260719160037,0.003816746553107643,0.07781473898742552,0.4801906956506763,0.44329829995402414,0.04862813736797588,0.09945260719160037,0.003816746553107643,0.07781473898742552,0.48016650740880706,0.4432671531029949,0.04862813736797588,0.09945260719160037,0.003816746553107643,0.07781473898742552,1.0,0.9999999883617082,0.9999999883617082,0.0,0.0,0.0,0.0,0.012493989569985153
camels_06191500,0.9702250884253979,0.8838472369360273,0.10059336261865333,0.04361757661459654,0.0008561427162820379,0.0024042051655767415,0.9702250884253979,0.8838472369360273,0.10059336261865333,0.04361757661459654,0.0008561427162820379,0.0024042051655767415,0.9702272535368904,0.8838724512452828,0.10059336261865333,0.04361757661459654,0.0008561427162820379,0.0024042051655767415,0.9999999999999999,0.9999999997229253,0.9999999997229253,0.0,1.2565511344320157e-05,1.2565511344320157e-05,0.0,0.0004423518001788196
camels_06224000,0.9546435257176421,0.8672112686413688,0.11944072174010364,0.06311944802924538,0.0008950998284995677,0.0068607123821792446,0.9546435257176421,0.8672112686413688,0.11944072174010364,0.06311944802924538,0.0008950998284995677,0.0068607123821792446,0.9546431815982342,0.8672299629447302,0.11944072174010364,0.06311944802924538,0.0008950998284995677,0.0068607123821792446,1.0,0.9999999996077316,0.9999999996077316,0.0,0.0,0.0,0.0,0.0009197117408348277
camels_06278300,0.8826021823385426,0.8436066182063979,0.117916661198676,0.08575357433264928,0.001080883709944286,0.023280862959113132,0.8826021823385426,0.8436066182063979,0.117916661198676,0.08575357433264928,0.001080883709944286,0.023280862959113132,0.8825981715994312,0.8436310196145689,0.117916661198676,0.08575357433264928,0.001080883709944286,0.023280862959113132,1.0,0.9999999993607531,0.9999999993607531,0.0,0.0,0.0,0.0,0.002118991329120412
camels_06280300,0.9607347564576005,0.9200180689382416,0.11488080595376284,0.04609599974286,0.0008882514361677499,0.0029344367207184766,0.9607347564576005,0.9200180689382416,0.11488080595376284,0.04609599974286,0.0008882514361677499,0.0029344367207184766,0.960733900008468,0.9200354511331047,0.11488080595376284,0.04609599974286,0.0008882514361677499,0.0029344367207184766,1.0,0.9999999997032084,0.9999999997032084,0.0,1.6591355267436825e-06,1.6591355267436825e-06,0.0,0.0008413687171540118
camels_06289000,0.9739753453910952,0.920919974438396,0.08870783374469131,0.04841693700206207,0.0009447080368444354,0.004516431719487869,0.9739753453910952,0.920919974438396,0.08870783374469131,0.04841693700206207,0.0009447080368444354,0.004516431719487869,0.9739756397896813,0.9209422699053419,0.08870783374469131,0.04841693700206207,0.0009447080368444354,0.004516431719487869,1.0,0.9999999992903587,0.9999999992903587,0.0,0.0,0.0,0.0,0.0006113094154791554
camels_06311000,0.854801235622622,0.62370146971566,0.11213972080068221,0.11286202328200273,0.0013034515883811348,0.044759473355740126,0.854801235622622,0.62370146971566,0.11213972080068221,0.11286202328200273,0.0013034515883811348,0.044759473355740126,0.8548023508864687,0.6237233061221004,0.11213972080068221,0.11286202328200273,0.0013034515883811348,0.044759473355740126,1.0,0.9999999993323372,0.9999999993323372,0.0,0.0,0.0,0.0,0.001064383282756154
camels_06332515,-0.6883089142802221,-1.0955855179227556,0.10875464665720477,0.133698970647661,0.0029378842630444386,0.09388517646712173,-0.6883089142802221,-1.0955855179227556,0.10875464665720477,0.133698970647661,0.0029378842630444386,0.09388517646712173,-0.6883105778558454,-1.0955817661162746,0.10875464665720477,0.133698970647661,0.0029378842630444386,0.09388517646712173,1.0,0.9999999992615666,0.9999999992615666,0.0,0.0,0.0,0.0,0.00023465934504335317
camels_06339100,-0.08006530291380765,-1.5014064655931336,0.11001342092517907,0.14624565387594288,0.0030535582354779657,0.11110632472783025,-0.08006530291380765,-1.5014064655931336,0.11001342092517907,0.14624565387594288,0.0030535582354779657,0.11110632472783025,-0.0800647140238624,-1.5013982146867377,0.11001342092517907,0.14624565387594288,0.0030535582354779657,0.11110632472783025,1.0,0.9999999992090078,0.9999999992090078,0.0,0.0,0.0,0.0,0.00034072090064585225
camels_06339500,-0.1306110778510432,-1.7778533549319593,0.11148453532561327,0.15204353874160118,0.003053932692893378,0.1161228172193918,-0.1306110778510432,-1.7778533549319593,0.11148453532561327,0.15204353874160118,0.003053932692893378,0.1161228172193918,-0.13061101463664015,-1.7778493442862082,0.11148453532561327,0.15204353874160118,0.003053932692893378,0.1161228172193918,1.0,0.9999999999121402,0.9999999999121402,0.0,0.0,0.0,0.0,7.433585744687221e-05
camels_06344600,0.38880457621168496,-0.7882385270878807,0.10756254060756845,0.14197118886827698,0.0030835506640389775,0.10502478268760697,0.38880457621168496,-0.7882385270878807,0.10756254060756845,0.14197118886827698,0.0030835506640389775,0.10502478268760697,0.38879821970106665,-0.7882240271164458,0.10756254060756845,0.14197118886827698,0.0030835506640389775,0.10502478268760697,1.0,0.9999999984355016,0.9999999984355016,0.0,0.0,0.0,0.0,0.000703875153953204
camels_06350000,0.2589398680731969,-1.6683736612520006,0.11058974972119438,0.1562767926384421,0.003105864853694521,0.12051855091149134,0.2589398680731969,-1.6683736612520006,0.11058974972119438,0.1562767926384421,0.003105864853694521,0.12051855091149134,0.2589285989378759,-1.6683564436300622,0.11058974972119438,0.1562767926384421,0.003105864853694521,0.12051855091149134,0.9999999999999999,0.9999999968012425,0.9999999968012425,0.0,0.0,0.0,0.0,0.0011085570723123883
camels_06352000,0.3149143032551137,-1.3621049560145315,0.10856941021963742,0.15521564754462872,0.0030698469637857246,0.12012415764056161,0.3149143032551137,-1.3621049560145315,0.10856941021963742,0.15521564754462872,0.0030698469637857246,0.12012415764056161,0.31491439469415106,-1.3621022457814256,0.10856941021963742,0.15521564754462872,0.0030698469637857246,0.12012415764056161,1.0,0.9999999999736986,0.9999999999736986,0.0,0.0,0.0,0.0,6.270503870586808e-05
camels_06353000,-0.05562499016965905,-1.4888446821174552,0.10559066246295798,0.14666288116640783,0.0029856601061250326,0.11175954946398009,-0.05562499016965905,-1.4888446821174552,0.10559066246295798,0.14666288116640783,0.0029856601061250326,0.11175954946398009,-0.05562514541393693,-1.4888418357267779,0.10559066246295798,0.14666288116640783,0.0029856601061250326,0.11175954946398009,1.0,0.9999999999566741,0.9999999999566741,0.0,0.0,0.0,0.0,4.892989272575754e-05
camels_06354000,0.028090639074025203,-1.6500745828084424,0.10797391198953316,0.14998912540459003,0.0029835496906334682,0.11527880809853575,0.028090639074025203,-1.6500745828084424,0.10797391198953316,0.14998912540459003,0.0029835496906334682,0.11527880809853575,0.02809049001349606,-1.650071759429757,0.10797391198953316,0.14998912540459003,0.0029835496906334682,0.11527880809853575,1.0,0.9999999999669308,0.9999999999669308,0.0,0.0,0.0,0.0,5.732275893732819e-05
camels_06360500,0.07090293379358448,-1.0286783083658304,0.09964609977923349,0.14738729604601133,0.003210124911449502,0.11709026003947848,0.07090293379358448,-1.0286783083658304,0.09964609977923349,0.14738729604601133,0.003210124911449502,0.11709026003947848,0.07090005104724484,-1.0286672843549671,0.09964609977923349,0.14738729604601133,0.003210124911449502,0.11709026003947848,0.9999999999999999,0.9999999986997223,0.9999999986997223,0.0,0.0,0.0,0.0,0.0004367549145580796
camels_06404000,0.10855334129983052,-1.0161200337305742,0.0857852664970723,0.17118193372993393,0.0020693356560403386,0.12007969823376886,0.10855334129983052,-1.0161200337305742,0.0857852664970723,0.17118193372993393,0.0020693356560403386,0.12007969823376886,0.10852533408568499,-1.0161035086485777,0.0857852664970723,0.17118193372993393,0.0020693356560403386,0.12007969823376886,1.0,0.9999999950441795,0.9999999950441795,0.0,0.0,0.0,0.0,0.0009094863451566404
camels_06406000,-2.9281577803944776,-2.973015040604809,0.09081219717648643,0.18411300690130578,0.002323420342760686,0.14013808987445328,-2.9281577803944776,-2.973015040604809,0.09081219717648643,0.18411300690130578,0.002323420342760686,0.14013808987445328,-2.9281570937862664,-2.9730112893519327,0.09081219717648643,0.18411300690130578,0.002323420342760686,0.14013808987445328,1.0,0.9999999997172514,0.9999999997172514,0.0,0.0,0.0,0.0,6.35351690889685e-05
camels_06409000,-8.285419969694058,-0.759976851611806,0.09408913045577538,0.1396359225073886,0.0016795403575316887,0.07739457755253233,-8.285419969694058,-0.759976851611806,0.09408913045577538,0.1396359225073886,0.0016795403575316887,0.07739457755253233,-8.28539800755998,-0.7599820353436655,0.09408913045577538,0.1396359225073886,0.0016795403575316887,0.07739457755253233,1.0,0.9999999970101913,0.9999999970101913,0.0,0.0,0.0,0.0,0.00011565671140889577
camels_06431500,0.7645776567801658,0.85114817535316,0.06432584874770221,0.0584019117374691,0.0012184917322278748,0.014663234733906527,0.7645776567801658,0.85114817535316,0.06432584874770221,0.0584019117374691,0.0012184917322278748,0.014663234733906527,0.7645825728984643,0.8511487444794071,0.06432584874770221,0.0584019117374691,0.0012184917322278748,0.014663234733906527,1.0,0.999999998291419,0.999999998291419,0.0,0.0,0.0,0.0,0.0004397780524336703
camels_06447000,-5.259456595061255,-3.0294393641505115,0.0899701085583917,0.16084347738455565,0.0035604306698812675,0.13753881241680402,-5.259456595061255,-3.0294393641505115,0.0899701085583917,0.16084347738455565,0.0035604306698812675,0.13753881241680402,-5.259452424808388,-3.0294375790827015,0.0899701085583917,0.16084347738455565,0.0035604306698812675,0.13753881241680402,1.0,0.9999999948182535,0.9999999948182535,0.0,0.0,0.0,0.0,0.00011468253533036821
camels_06447500,-22.25938416336385,-3.9708601241866006,0.09196236012673523,0.1657435697667739,0.0032778238428050072,0.13522595295316064,-22.25938416336385,-3.9708601241866006,0.09196236012673523,0.1657435697667739,0.0032778238428050072,0.13522595295316064,-22.259365885854482,-3.970860796124728,0.09196236012673523,0.1657435697667739,0.0032778238428050072,0.13522595295316064,0.9999999999999999,0.9999999975708149,0.9999999975708149,0.0,0.0,0.0,0.0,7.589480989511621e-05
camels_06450500,-7.089486294447266,-2.211473332189466,0.087008902218956,0.14578959095550598,0.0031534433848475828,0.11695505881164427,-7.089486294447266,-2.211473332189466,0.087008902218956,0.14578959095550598,0.0031534433848475828,0.11695505881164427,-7.089484775121779,-2.211473289163688,0.087008902218956,0.14578959095550598,0.0031534433848475828,0.11695505881164427,0.9999999999999998,0.9999999997673629,0.9999999997673629,0.0,0.0,0.0,0.0,2.0068820969720846e-05
camels_06452000,-3.412528559842843,-3.1977851489439715,0.09182023982730889,0.16123415500106966,0.003412305607515223,0.13774920264315654,-3.412528559842843,-3.1977851489439715,0.09182023982730889,0.16123415500106966,0.003412305607515223,0.13774920264315654,-3.41253074018487,-3.1977810081572526,0.09182023982730889,0.16123415500106966,0.003412305607515223,0.13774920264315654,0.9999999999999999,0.9999999968883575,0.9999999968883575,0.0,0.0,0.0,0.0,0.0002252888048304147
camels_06453600,-0.04856629031311033,-1.0431243343521088,0.0869432863308982,0.14262081865848442,0.003180407655650172,0.11434080112294784,-0.04856629031311033,-1.0431243343521088,0.0869432863308982,0.14262081865848442,0.003180407655650172,0.11434080112294784,-0.04856754556019549,-1.0431201106993457,0.0869432863308982,0.14262081865848442,0.003180407655650172,0.11434080112294784,1.0,0.9999999998618089,0.9999999998618089,0.0,0.0,0.0,0.0,0.0001688399668875462
camels_06464500,-13.343319901501648,-3.9137399970300564,0.09281927886405775,0.16145333373280615,0.003254013322671577,0.13208262074066224,-13.343319901501648,-3.9137399970300564,0.09281927886405775,0.16145333373280615,0.003254013322671577,0.13208262074066224,-13.343318619572711,-3.9137399662441306,0.09281927886405775,0.16145333373280615,0.003254013322671577,0.13208262074066224,1.0,0.9999999999191841,0.9999999999191841,0.0,0.0,0.0,0.0,9.902505180736654e-06
camels_06468170,0.868533805767223,0.28780011833761165,0.1122241316170528,0.12387568413848568,0.0024045311655040685,0.07953008686553151,0.868533805767223,0.28780011833761165,0.1122241316170528,0.12387568413848568,0.0024045311655040685,0.07953008686553151,0.8685331383639066,0.28780974309583984,0.1122241316170528,0.12387568413848568,0.0024045311655040685,0.07953008686553151,1.0,0.9999999998846758,0.9999999998846758,0.0,0.0,0.0,0.0,0.00043177705593350213
camels_06470800,0.8815813578762274,0.43253333678509076,0.10562220142047256,0.1217291098820994,0.0024952770488499143,0.07752742806022597,0.8815813578762274,0.43253333678509076,0.10562220142047256,0.1217291098820994,0.0024952770488499143,0.07752742806022597,0.8815809419012062,0.43254028788916643,0.10562220142047256,0.1217291098820994,0.0024952770488499143,0.07752742806022597,1.0,0.9999999997629457,0.9999999997629457,0.0,0.0,0.0,0.0,0.0008403150299489681
camels_06477500,0.29549427932430394,-0.16516649834926223,0.0891866540812092,0.12533712483806494,0.0030632282609146457,0.09434648246842514,0.29549427932430394,-0.16516649834926223,0.0891866540812092,0.12533712483806494,0.0030632282609146457,0.09434648246842514,0.29548810180310814,-0.1651599594533606,0.0891866540812092,0.12533712483806494,0.0030632282609146457,0.09434648246842514,1.0,0.9999999987862837,0.9999999987862837,0.0,0.0,0.0,0.0,0.00045663765238201925
camels_06479438,0.610929346851987,0.07933323955820415,0.09881307358190447,0.11514821236322183,0.0025695332649029777,0.07480698096099296,0.610929346851987,0.07933323955820415,0.09881307358190447,0.11514821236322183,0.0025695332649029777,0.07480698096099296,0.6109290016537702,0.07934431849709933,0.09881307358190447,0.11514821236322183,0.0025695332649029777,0.07480698096099296,1.0,0.9999999994231272,0.9999999994231272,0.0,0.0,0.0,0.0,0.000549082674035084
camels_06601000,0.14264056183758544,0.14115460951774406,0.06574553979096016,0.07613121791011664,0.002451968289775732,0.043992489394986845,0.14264056183758544,0.14115460951774406,0.06574553979096016,0.07613121791011664,0.002451968289775732,0.043992489394986845,0.1426373893685966,0.1411484441648596,0.06574553979096016,0.07613121791011664,0.002451968289775732,0.043992489394986845,1.0,0.9999999989178497,0.9999999989178497,0.0,0.0,0.0,0.0,0.0001462881652365411
camels_06614800,0.9617508158771161,0.9370321614083132,0.10842815654514769,0.05828942691578585,0.0008598513825669975,0.005666877048252562,0.9617508158771161,0.9370321614083132,0.10842815654514769,0.05828942691578585,0.0008598513825669975,0.005666877048252562,0.9617499507685175,0.9370484855007651,0.10842815654514769,0.05828942691578585,0.0008598513825669975,0.005666877048252562,0.9999999999999998,0.9999999993905399,0.9999999993905399,0.0,0.0,0.0,0.0,0.002061932157041646
camels_06622700,0.9649125564478274,0.9294455172376158,0.09363120119663572,0.07337568178621799,0.0011221784365346417,0.020532193677178744,0.9649125564478274,0.9294455172376158,0.09363120119663572,0.07337568178621799,0.0011221784365346417,0.020532193677178744,0.9649119510801417,0.9294610868302222,0.09363120119663572,0.07337568178621799,0.0011221784365346417,0.020532193677178744,1.0,0.9999999996136556,0.9999999996136556,0.0,0.0,0.0,0.0,0.0015002009066389377
camels_06623800,0.981550089261728,0.9399929706357479,0.09479353558461033,0.05271647609996989,0.0009417473423553529,0.007402767661135288,0.981550089261728,0.9399929706357479,0.09479353558461033,0.05271647609996989,0.0009417473423553529,0.007402767661135288,0.9815499888794472,0.9400255831367749,0.09479353558461033,0.05271647609996989,0.0009417473423553529,0.007402767661135288,1.0,0.9999999997209947,0.9999999997209947,0.0,0.0,0.0,0.0,0.0013188365248106848
camels_06632400,0.9560084808248801,0.8501469787325223,0.09993833808821549,0.09134190000336746,0.0011478539291791936,0.028732223975005546,0.9560084808248801,0.8501469787325223,0.09993833808821549,0.09134190000336746,0.0011478539291791936,0.028732223975005546,0.9560085267840419,0.8501667028877808,0.09993833808821549,0.09134190000336746,0.0011478539291791936,0.028732223975005546,1.0,0.9999999994808546,0.9999999994808546,0.0,0.0,0.0,0.0,0.0017154763008453422
camels_06746095,0.9676353364178822,0.8721498270207451,0.10395066452800139,0.04964628316326025,0.0008114116791537518,0.0044506293039534685,0.9676353364178822,0.8721498270207451,0.10395066452800139,0.04964628316326025,0.0008114116791537518,0.0044506293039534685,0.9676346500281511,0.872142092521258,0.10395066452800139,0.04964628316326025,0.0008114116791537518,0.0044506293039534685,1.0,0.9999999994707849,0.9999999994707849,0.0,0.0,0.0,0.0,0.00225015609316781
camels_06784000,-8.913082761328042,-1.6342873022744016,0.07903152063458735,0.13736943366803214,0.003177204480277597,0.11020795036764706,-8.913082761328042,-1.6342873022744016,0.07903152063458735,0.13736943366803214,0.003177204480277597,0.11020795036764706,-8.913077094488132,-1.6342882174269935,0.07903152063458735,0.13736943366803214,0.003177204480277597,0.11020795036764706,0.9999999999999999,0.9999999987059669,0.9999999987059669,0.0,0.0,0.0,0.0,3.776289761620033e-05
camels_06803510,0.10559377911499068,-0.1771011728330123,0.07033058770046273,0.1183175108253835,0.003395075053278863,0.09230440770394904,0.10559377911499068,-0.1771011728330123,0.07033058770046273,0.1183175108253835,0.003395075053278863,0.09230440770394904,0.10559241381421114,-0.17710091334680467,0.07033058770046273,0.1183175108253835,0.003395075053278863,0.09230440770394904,1.0,0.9999999997416261,0.9999999997416261,0.0,0.0,0.0,0.0,0.00019108691762692587
camels_06803530,0.14687555329921775,-0.01118201651022499,0.06932846750255531,0.1105146148867346,0.0032623136261172034,0.08330746045219004,0.14687555329921775,-0.01118201651022499,0.06932846750255531,0.1105146148867346,0.0032623136261172034,0.08330746045219004,0.14687112388020618,-0.011181564455992055,0.06932846750255531,0.1105146148867346,0.0032623136261172034,0.08330746045219004,0.9999999999999999,0.9999999931256829,0.9999999931256829,0.0,0.0,0.0,0.0,0.0008905596061756782
camels_06814000,0.22246687224580242,-0.013622298489912366,0.07046302965640054,0.12968018011437468,0.0036107504343647987,0.10980050510615412,0.22246687224580242,-0.013622298489912366,0.07046302965640054,0.12968018011437468,0.0036107504343647987,0.10980050510615412,0.2224588808902075,-0.01361890817749023,0.07046302965640054,0.12968018011437468,0.0036107504343647987,0.10980050510615412,1.0,0.9999999977286186,0.9999999977286186,0.0,0.0,0.0,0.0,0.0004589342431307042
camels_06847900,-3.6890563584891494,-2.1474328570164327,0.07732361180303547,0.1596991285591048,0.003637444755368494,0.13877995241486277,-3.6890563584891494,-2.1474328570164327,0.07732361180303547,0.1596991285591048,0.003637444755368494,0.13877995241486277,-3.689057749020895,-2.1474332437182233,0.07732361180303547,0.1596991285591048,0.003637444755368494,0.13877995241486277,1.0,0.9999999996081795,0.9999999996081795,0.0,0.0,0.0,0.0,8.728315843531398e-05
camels_06853800,0.08045065279355901,-1.2323127159335936,0.07889790563989604,0.15854294720818016,0.003692944151392815,0.1357143255082879,0.08045065279355901,-1.2323127159335936,0.07889790563989604,0.15854294720818016,0.003692944151392815,0.1357143255082879,0.08044136163579008,-1.232306917227186,0.07889790563989604,0.15854294720818016,0.003692944151392815,0.1357143255082879,1.0,0.9999999874875429,0.9999999874875429,0.0,0.0,0.0,0.0,0.0016403825531337013
camels_06876700,0.129195946775717,-1.2070222925388845,0.07362866198557144,0.16071202585711683,0.0037568766011669475,0.14006156070237227,0.129195946775717,-1.2070222925388845,0.07362866198557144,0.16071202585711683,0.0037568766011669475,0.14006156070237227,0.1291951707720922,-1.2070194387599522,0.07362866198557144,0.16071202585711683,0.0037568766011669475,0.14006156070237227,1.0,0.9999999999664007,0.9999999999664007,0.0,0.0,0.0,0.0,5.646279128956877e-05
camels_06878000,0.12246514265242148,-0.3702989971135682,0.06569720378512059,0.14063731226427803,0.0037630251406656078,0.11958044953568712,0.12246514265242148,-0.3702989971135682,0.06569720378512059,0.14063731226427803,0.0037630251406656078,0.11958044953568712,0.12246558266610186,-0.3702921742270435,0.06569720378512059,0.14063731226427803,0.0037630251406656078,0.11958044953568712,1.0,0.9999999970502499,0.9999999970502499,0.0,0.0,0.0,0.0,0.0004081566312001961
camels_06879650,0.21985352585596618,0.24114665160541693,0.05012769563686533,0.07890847536903366,0.002957298547694456,0.05611884095847727,0.21985352585596618,0.24114665160541693,0.05012769563686533,0.07890847536903366,0.002957298547694456,0.05611884095847727,0.21985091274901758,0.2411440867388499,0.05012769563686533,0.07890847536903366,0.002957298547694456,0.05611884095847727,0.9999999999999998,0.9999999997362364,0.9999999997362364,0.0,0.0,0.0,0.0,0.000188644787633363
camels_06885500,0.27902153738811486,0.021303275528931964,0.06819039551771679,0.13174157442475912,0.0037934931973656583,0.11223558654166138,0.27902153738811486,0.021303275528931964,0.06819039551771679,0.13174157442475912,0.0037934931973656583,0.11223558654166138,0.27901961255187746,0.021309665851309334,0.06819039551771679,0.13174157442475912,0.0037934931973656583,0.11223558654166138,1.0,0.999999996922547,0.999999996922547,0.0,0.0,0.0,0.0,0.0007177264565525476
camels_06888500,0.3071286117993469,0.20299562297623874,0.0591117193442571,0.11104209389212649,0.0032421257626454197,0.09166080869477371,0.3071286117993469,0.20299562297623874,0.0591117193442571,0.11104209389212649,0.0032421257626454197,0.09166080869477371,0.30712704049199246,0.20299902715332385,0.0591117193442571,0.11104209389212649,0.0032421257626454197,0.09166080869477371,1.0,0.9999999988993846,0.9999999988993846,0.0,0.0,0.0,0.0,0.0008037402870930688
camels_06889200,0.2828177702487845,0.14332599286017111,0.06174041175455399,0.11547066028896742,0.003554036699492356,0.09531905539862766,0.2828177702487845,0.14332599286017111,0.06174041175455399,0.11547066028896742,0.003554036699492356,0.09531905539862766,0.2828156718089302,0.14333046853489861,0.06174041175455399,0.11547066028896742,0.003554036699492356,0.09531905539862766,1.0,0.9999999952167036,0.9999999952167036,0.0,0.0,0.0,0.0,0.0018888652517512483
camels_06889500,0.2211289906283277,0.10193746011279681,0.060487347152121895,0.1121706082419498,0.0035550583206857677,0.0928382858059711,0.2211289906283277,0.10193746011279681,0.060487347152121895,0.1121706082419498,0.0035550583206857677,0.0928382858059711,0.22112526389004794,0.10194103918016939,0.060487347152121895,0.1121706082419498,0.0035550583206857677,0.0928382858059711,1.0,0.9999999954695679,0.9999999954695679,0.0,0.0,0.0,0.0,0.0010734816061601649
camels_06892000,0.5683697197675808,0.486335315170617,0.06136622167745904,0.11649748239265736,0.0035081245352723777,0.09310550960517558,0.5683697197675808,0.486335315170617,0.06136622167745904,0.11649748239265736,0.0035081245352723777,0.09310550960517558,0.5683659169154507,0.4863420831284977,0.06136622167745904,0.11649748239265736,0.0035081245352723777,0.09310550960517558,0.9999999999999999,0.9999999988728125,0.9999999988728125,0.0,0.0,0.0,0.0,0.00085767968959094
camels_06903400,0.6463542028437068,0.668922434276913,0.0672820603871684,0.09835287097985072,0.0028930881685949486,0.06315987608253835,0.6463542028437068,0.668922434276913,0.0672820603871684,0.09835287097985072,0.0028930881685949486,0.06315987608253835,0.6463484638113146,0.6689149235228593,0.0672820603871684,0.09835287097985072,0.0028930881685949486,0.06315987608253835,1.0,0.9999999975054831,0.9999999975054831,0.0,0.0,0.0,0.0,0.0022693781001446034
camels_06910800,0.22666237114475607,0.17991450721681834,0.05698392995714416,0.1109616169339503,0.003558611628008179,0.0908624474949092,0.22666237114475607,0.17991450721681834,0.05698392995714416,0.1109616169339503,0.003558611628008179,0.0908624474949092,0.22665682537511966,0.1799141106250045,0.05698392995714416,0.1109616169339503,0.003558611628008179,0.0908624474949092,0.9999999999999999,0.9999999969941518,0.9999999969941518,0.0,0.0,0.0,0.0,0.0009183563110448656
camels_06911900,0.227888672303742,0.1698021520130535,0.05869027189985976,0.11252015057732077,0.003709442088376678,0.09349625376610436,0.227888672303742,0.1698021520130535,0.05869027189985976,0.11252015057732077,0.003709442088376678,0.09349625376610436,0.2278833506793969,0.1698020189748305,0.05869027189985976,0.11252015057732077,0.003709442088376678,0.09349625376610436,1.0,0.9999999961168944,0.9999999961168944,0.0,0.0,0.0,0.0,0.0010679084068372369
camels_06917000,0.4771829766021627,0.5112224278414457,0.051038026326084715,0.1010493930406551,0.003330559759546245,0.07927134206280505,0.4771829766021627,0.5112224278414457,0.051038026326084715,0.1010493930406551,0.003330559759546245,0.07927134206280505,0.4771767591453747,0.511216479332544,0.051038026326084715,0.1010493930406551,0.003330559759546245,0.07927134206280505,1.0,0.9999999975061618,0.9999999975061618,0.0,0.0,0.0,0.0,0.0015956545343800421
camels_06918460,0.6212631447927273,0.6755439832045713,0.03107208422183023,0.07794377634539808,0.0019911232632991026,0.05448072483766877,0.6212631447927273,0.6755439832045713,0.03107208422183023,0.07794377634539808,0.0019911232632991026,0.05448072483766877,0.6212619933509291,0.6755432650906031,0.03107208422183023,0.07794377634539808,0.0019911232632991026,0.05448072483766877,1.0,0.9999999991498678,0.9999999991498678,0.0,0.0,0.0,0.0,0.001416993781333975
camels_06919500,0.6359694144197714,0.647599772283579,0.04682425524110001,0.13621515424933442,0.00281234812784872,0.10708548988822024,0.6359694144197714,0.647599772283579,0.04682425524110001,0.13621515424933442,0.00281234812784872,0.10708548988822024,0.635960711462298,0.6476052143437316,0.04682425524110001,0.13621515424933442,0.00281234812784872,0.10708548988822024,1.0,0.999999996956438,0.999999996956438,0.0,0.0,0.0,0.0,0.003260860198887494
camels_06921070,0.4770841349216681,0.5014262427715124,0.03966293567092617,0.10819565345501078,0.002529652752208903,0.08587893162973029,0.4770841349216681,0.5014262427715124,0.03966293567092617,0.10819565345501078,0.002529652752208903,0.08587893162973029,0.47707221169593006,0.5014183193208067,0.03966293567092617,0.10819565345501078,0.002529652752208903,0.08587893162973029,1.0,0.9999999980854176,0.9999999980854176,0.0,0.0,0.0,0.0,0.0025488038354146703
camels_06921200,0.3251109590553951,0.32323589128242725,0.043639066591707736,0.12271173566156662,0.0028248151465797037,0.09661441207173872,0.3251109590553951,0.32323589128242725,0.043639066591707736,0.12271173566156662,0.0028248151465797037,0.09661441207173872,0.32509372651428836,0.3232201274948553,0.043639066591707736,0.12271173566156662,0.0028248151465797037,0.09661441207173872,1.0,0.9999999965993847,0.9999999965993847,0.0,0.0,0.0,0.0,0.0024518849480754668
camels_07014500,0.7265613822747434,0.7412168115027344,0.02976664606988067,0.06542040378036654,0.001961955603431253,0.039804232676662735,0.7265613822747434,0.7412168115027344,0.02976664606988067,0.06542040378036654,0.001961955603431253,0.039804232676662735,0.7265677695672013,0.7412162640939147,0.02976664606988067,0.06542040378036654,0.001961955603431253,0.039804232676662735,1.0,0.9999999987738523,0.9999999987738523,0.0,2.7905819157680867e-06,2.7905819157680867e-06,0.0,0.0013870677639040707
camels_07056000,0.6755632656507263,0.6638998305404968,0.03317858829459602,0.08964525729599154,0.002282232590185943,0.07328954700524135,0.6755632656507263,0.6638998305404968,0.03317858829459602,0.08964525729599154,0.002282232590185943,0.07328954700524135,0.6755527731814082,0.6638880132076523,0.03317858829459602,0.08964525729599154,0.002282232590185943,0.07328954700524135,1.0,0.999999997752025,0.999999997752025,0.0,0.0,0.0,0.0,0.005188284842212454
camels_07057500,0.692036913245014,0.7203756998887787,0.01892901821020409,0.021580072058625444,0.0013867437234998474,0.004534323075238396,0.692036913245014,0.7203756998887787,0.01892901821020409,0.021580072058625444,0.0013867437234998474,0.004534323075238396,0.6920365122965965,0.7203674384605168,0.01892901821020409,0.021580072058625444,0.0013867437234998474,0.004534323075238396,1.0,0.9999999989787356,0.9999999989787356,0.0,5.755218231762171e-06,5.755218231762171e-06,0.0,0.0020421624226845125
camels_07060710,0.3046209353995677,0.3074388060395675,0.03505716381885459,0.10742618026888152,0.0026188099843735143,0.08779199689203537,0.3046209353995677,0.3074388060395675,0.03505716381885459,0.10742618026888152,0.0026188099843735143,0.08779199689203537,0.30458943200447164,0.3074145232914218,0.03505716381885459,0.10742618026888152,0.0026188099843735143,0.08779199689203537,0.9999999999999998,0.9999999960128839,0.9999999960128839,0.0,0.0,0.0,0.0,0.004860650832212876
camels_07066000,0.6586796161079405,0.8223323036831519,0.022587629554237845,0.03591083851595679,0.0016186833139849,0.015312736271361066,0.6586796161079405,0.8223323036831519,0.022587629554237845,0.03591083851595679,0.0016186833139849,0.015312736271361066,0.6586845704206215,0.8223323293856277,0.022587629554237845,0.03591083851595679,0.0016186833139849,0.015312736271361066,0.9999999999999998,0.9999999990226934,0.9999999990226934,0.0,6.4695653654300855e-06,6.4695653654300855e-06,0.0,0.0026129789578064333
camels_07067000,0.864884757525098,0.8630226627800047,0.020037329946521812,0.02619684733918908,0.0014493714481531726,0.007720426710333834,0.864884757525098,0.8630226627800047,0.020037329946521812,0.02619684733918908,0.0014493714481531726,0.007720426710333834,0.8648819732997182,0.8630128449389672,0.020037329946521812,0.02619684733918908,0.0014493714481531726,0.007720426710333834,0.9999999999999999,0.9999999987465917,0.9999999987465917,0.0,1.308457450877043e-05,1.308457450877043e-05,0.0,0.002094618050485053
camels_07068000,0.7949923604621734,0.7080523207492886,0.01773121855080007,0.01673455576867651,0.0012968355453522162,0.0026331806279582862,0.7949923604621734,0.7080523207492886,0.01773121855080007,0.01673455576867651,0.0012968355453522162,0.0026331806279582862,0.79499310015906,0.7080420281978554,0.01773121855080007,0.01673455576867651,0.0012968355453522162,0.0026331806279582862,1.0,0.9999999981620724,0.9999999981620724,0.0,1.2718804206723888e-05,1.2718804206723888e-05,0.0,0.0021712679126935086
camels_07071500,0.7748711345961821,0.7169345235951334,0.020027482533793422,0.029112140740632526,0.001426931109438078,0.007354115182439405,0.7748711345961821,0.7169345235951334,0.020027482533793422,0.029112140740632526,0.001426931109438078,0.007354115182439405,0.7748648310137295,0.7169233362729519,0.020027482533793422,0.029112140740632526,0.001426931109438078,0.007354115182439405,1.0,0.9999999985274264,0.9999999985274264,0.0,6.3514849155676956e-06,6.3514849155676956e-06,0.0,0.0018347507232387983
camels_07083000,0.9656880070163939,0.8452636552981718,0.11501292756798301,0.05867653821593124,0.0008870201468709516,0.004503568529357291,0.9656880070163939,0.8452636552981718,0.11501292756798301,0.05867653821593124,0.0008870201468709516,0.004503568529357291,0.9656901430381849,0.8452989351321875,0.11501292756798301,0.05867653821593124,0.0008870201468709516,0.004503568529357291,1.0,0.9999999993949823,0.9999999993949823,0.0,0.0,0.0,0.0,0.0009238683864118968
camels_07142300,-0.8920012456047486,-1.5609155804703003,0.0671399679435436,0.16607679634016861,0.0038396522432988848,0.14470651560816272,-0.8920012456047486,-1.5609155804703003,0.0671399679435436,0.16607679634016861,0.0038396522432988848,0.14470651560816272,-0.8920112885618137,-1.5609132790895122,0.0671399679435436,0.16607679634016861,0.0038396522432988848,0.14470651560816272,1.0,0.9999999974345668,0.9999999974345668,0.0,0.0,0.0,0.0,0.0003694822545881049
camels_07145700,0.3147675956875716,0.17562179003536638,0.06137762321178134,0.14994918792291298,0.004154499259004728,0.1300417019919498,0.3147675956875716,0.17562179003536638,0.06137762321178134,0.14994918792291298,0.004154499259004728,0.1300417019919498,0.31476334499612413,0.17562196450488288,0.06137762321178134,0.14994918792291298,0.004154499259004728,0.1300417019919498,1.0,0.9999999991981011,0.9999999991981011,0.0,0.0,0.0,0.0,0.0009074031525528881
camels_07148400,-7.508240318376904,-3.147972956656443,0.06652687645345383,0.17287460853313577,0.004162265030897655,0.15714937407394935,-7.508240318376904,-3.147972956656443,0.06652687645345383,0.17287460853313577,0.004162265030897655,0.15714937407394935,-7.508238315492854,-3.1479730085248088,0.06652687645345383,0.17287460853313577,0.004162265030897655,0.15714937407394935,1.0,0.9999999998247989,0.9999999998247989,0.0,0.0,0.0,0.0,2.481464896875174e-05
camels_07149000,-2.4390155754916623,-1.6722237620099945,0.06198097213528461,0.15504087560317095,0.0038800939826887956,0.13629099940673334,-2.4390155754916623,-1.6722237620099945,0.06198097213528461,0.15504087560317095,0.0038800939826887956,0.13629099940673334,-2.4390119106944645,-1.672224320197425,0.06198097213528461,0.15504087560317095,0.0038800939826887956,0.13629099940673334,0.9999999999999998,0.9999999990571921,0.9999999990571921,0.0,0.0,0.0,0.0,0.00020536768014611795
camels_07151500,0.19455462428183656,-0.2696590521970954,0.056977475922683186,0.13280291450918325,0.0037604667593934714,0.11517135124902939,0.19455462428183656,-0.2696590521970954,0.056977475922683186,0.13280291450918325,0.0037604667593934714,0.11517135124902939,0.19454158227057028,-0.26965652939946727,0.056977475922683186,0.13280291450918325,0.0037604667593934714,0.11517135124902939,1.0,0.999999994465362,0.999999994465362,0.0,0.0,0.0,0.0,0.0009484276875300068
camels_07167500,0.27898349236659603,0.25464856305975336,0.05201936764359232,0.10334706025965074,0.003518964069126586,0.08506582078295354,0.27898349236659603,0.25464856305975336,0.05201936764359232,0.10334706025965074,0.003518964069126586,0.08506582078295354,0.2789724939506415,0.254639410041101,0.05201936764359232,0.10334706025965074,0.003518964069126586,0.08506582078295354,0.9999999999999999,0.9999999983291659,0.9999999983291659,0.0,0.0,0.0,0.0,0.0011069231569675875
camels_07180500,0.15488186002681703,0.19024475614927994,0.054247949379694634,0.10425714334174538,0.003260448544794357,0.08292391701595779,0.15488186002681703,0.19024475614927994,0.054247949379694634,0.10425714334174538,0.003260448544794357,0.08292391701595779,0.15487615053695925,0.19023686612319646,0.054247949379694634,0.10425714334174538,0.003260448544794357,0.08292391701595779,1.0,0.9999999989718228,0.9999999989718228,0.0,0.0,0.0,0.0,0.0009978910131438479
camels_07184000,0.40854027642353563,0.3257570389951965,0.05346424497407058,0.12210286200409246,0.003775070260069191,0.09947323596018082,0.40854027642353563,0.3257570389951965,0.05346424497407058,0.12210286200409246,0.003775070260069191,0.09947323596018082,0.4085342106599231,0.32574439836022906,0.05346424497407058,0.12210286200409246,0.003775070260069191,0.09947323596018082,1.0,0.9999999907234404,0.9999999907234404,0.0,0.0,0.0,0.0,0.005055999416528678
camels_07195800,0.5289350389708922,0.5389038805904589,0.025613688068505957,0.06433370098864573,0.001988864380254223,0.037459599028736294,0.5289350389708922,0.5389038805904589,0.025613688068505957,0.06433370098864573,0.001988864380254223,0.037459599028736294,0.528923607704447,0.5388927198063771,0.025613688068505957,0.06433370098864573,0.001988864380254223,0.037459599028736294,1.0,0.9999999988971767,0.9999999988971767,0.0,5.881986090416902e-06,5.881986090416902e-06,0.0,0.0013913878194848905
camels_07196900,0.5893467555890401,0.5656322240608834,0.035505779955014735,0.10358858708194013,0.0025088501750334764,0.08256934980349899,0.5893467555890401,0.5656322240608834,0.035505779955014735,0.10358858708194013,0.0025088501750334764,0.08256934980349899,0.589323311322409,0.5656168356653257,0.035505779955014735,0.10358858708194013,0.0025088501750334764,0.08256934980349899,1.0,0.9999999975271995,0.9999999975271995,0.0,0.0,0.0,0.0,0.005091722126948639
camels_07197000,0.5355758267322018,0.4717567100625185,0.029261431587637075,0.08504898659355983,0.0021915561045400996,0.06339058711610991,0.5355758267322018,0.4717567100625185,0.029261431587637075,0.08504898659355983,0.0021915561045400996,0.06339058711610991,0.5355592099437323,0.4717425325196867,0.029261431587637075,0.08504898659355983,0.0021915561045400996,0.06339058711610991,0.9999999999999999,0.9999999978106967,0.9999999978106967,0.0,0.0,0.0,0.0,0.003694278608397994
camels_07208500,-1.4691407112701071,-1.551229457935722,0.0868513111168666,0.1768002028397566,0.0018760204073381714,0.11378190232097014,-1.4691407112701071,-1.551229457935722,0.0868513111168666,0.1768002028397566,0.0018760204073381714,0.11378190232097014,-1.4691424540129518,-1.551226454331145,0.0868513111168666,0.1768002028397566,0.0018760204073381714,0.11378190232097014,1.0,0.9999999998684905,0.9999999998684905,0.0,0.0,0.0,0.0,6.554580571638269e-05
camels_07226500,-1.226409761574173,-0.5921545794840521,0.05808240878896346,0.12859897265327871,0.0036390896501212284,0.10824745750814133,-1.226409761574173,-0.5921545794840521,0.05808240878896346,0.12859897265327871,0.0036390896501212284,0.10824745750814133,-1.2264298393627513,-0.5921625274968552,0.05808240878896346,0.12859897265327871,0.0036390896501212284,0.10824745750814133,1.0,0.9999999987313933,0.9999999987313933,0.0,0.0,0.0,0.0,0.00015496483704452446
camels_07261000,0.6374969691805312,0.6664810662997966,0.03247165022225215,0.08831420960339281,0.002596001402601509,0.07912496756346665,0.6374969691805312,0.6664810662997966,0.03247165022225215,0.08831420960339281,0.002596001402601509,0.07912496756346665,0.637493614364494,0.6664733159908076,0.03247165022225215,0.08831420960339281,0.002596001402601509,0.07912496756346665,0.9999999999999999,0.9999999977940314,0.9999999977940314,0.0,4.0180440512571636e-06,4.0180440512571636e-06,0.0,0.004014804234431679
camels_07291000,0.35374966857669143,0.39103042741696914,0.021335422678361315,0.06870815130082879,0.0026372758660306796,0.05551702333028612,0.35374966857669143,0.39103042741696914,0.021335422678361315,0.06870815130082879,0.0026372758660306796,0.05551702333028612,0.3537393967274839,0.3910153627066204,0.021335422678361315,0.06870815130082879,0.0026372758660306796,0.05551702333028612,1.0,0.9999999981752065,0.9999999981752065,0.0,0.0,0.0,0.0,0.00237073076227845
camels_07292500,0.47964207149518023,0.5693717107036822,0.018789036423874673,0.05728886973785338,0.00247234277744564,0.04318822431274166,0.47964207149518023,0.5693717107036822,0.018789036423874673,0.05728886973785338,0.00247234277744564,0.04318822431274166,0.4796328659141875,0.5693614255103613,0.018789036423874673,0.05728886973785338,0.00247234277744564,0.04318822431274166,1.0,0.9999999986489877,0.9999999986489877,0.0,3.6056659329375407e-06,3.6056659329375407e-06,0.0,0.0017630286979315457
camels_07299670,-1.1062983281764507,-5.1721096215482785,0.060966370990745436,0.1972336155889484,0.0049233841847696365,0.18990077701591818,-1.1062983281764507,-5.1721096215482785,0.060966370990745436,0.1972336155889484,0.0049233841847696365,0.18990077701591818,-1.1062963148681515,-5.172104074575598,0.060966370990745436,0.1972336155889484,0.0049233841847696365,0.18990077701591818,1.0,0.9999999974849049,0.9999999974849049,0.0,0.0,0.0,0.0,0.0003375921600134446
camels_07301410,-6.533349328387993,-3.411010146928687,0.06366794114180559,0.18046388142490968,0.004370453681713669,0.1675643951849328,-6.533349328387993,-3.411010146928687,0.06366794114180559,0.18046388142490968,0.004370453681713669,0.1675643951849328,-6.533348444925397,-3.411009950290139,0.06366794114180559,0.18046388142490968,0.004370453681713669,0.1675643951849328,1.0,0.9999999999484466,0.9999999999484466,0.0,0.0,0.0,0.0,1.6565067056273364e-05
camels_07301500,-6.726492412924334,-2.395425880436851,0.06032911536659721,0.16877246415639263,0.004262173877042883,0.15707114879306383,-6.726492412924334,-2.395425880436851,0.06032911536659721,0.16877246415639263,0.004262173877042883,0.15707114879306383,-6.726491640137526,-2.3954261257196534,0.06032911536659721,0.16877246415639263,0.004262173877042883,0.15707114879306383,1.0,0.9999999999097081,0.9999999999097081,0.0,0.0,0.0,0.0,2.1449022993780265e-05
camels_07315200,0.19686209799363563,0.00615719401495185,0.03673029390841904,0.1189507954502686,0.004204665526415224,0.10907162246549347,0.19686209799363563,0.00615719401495185,0.03673029390841904,0.1189507954502686,0.004204665526415224,0.10907162246549347,0.1968342436290701,0.00614292277216022,0.03673029390841904,0.1189507954502686,0.004204665526415224,0.10907162246549347,1.0,0.9999999930043372,0.9999999930043372,0.0,0.0,0.0,0.0,0.0008804570590390526
camels_07315700,0.25347547653714697,-0.04074494949159013,0.040532792654288954,0.12503551769450036,0.004298783799455809,0.11667835630219558,0.25347547653714697,-0.04074494949159013,0.040532792654288954,0.12503551769450036,0.004298783799455809,0.11667835630219558,0.2534755300282997,-0.04074328248984904,0.040532792654288954,0.12503551769450036,0.004298783799455809,0.11667835630219558,1.0,0.9999999998740549,0.9999999998740549,0.0,0.0,0.0,0.0,9.287937362967291e-05
camels_07335700,0.40973368085741746,0.5615153378439999,0.030102302675073092,0.08930744457438317,0.002444193184254861,0.07622753398655394,0.40973368085741746,0.5615153378439999,0.030102302675073092,0.08930744457438317,0.002444193184254861,0.07622753398655394,0.4097281500877381,0.5614977505852559,0.030102302675073092,0.08930744457438317,0.002444193184254861,0.07622753398655394,1.0,0.999999998445214,0.999999998445214,0.0,6.119668713944204e-06,6.119668713944204e-06,0.0,0.005194642259482407
camels_07340300,0.44032072014178913,0.6120031010188693,0.027470469910039378,0.07413708143253597,0.0023608115091768773,0.05647533331633098,0.44032072014178913,0.6120031010188693,0.027470469910039378,0.07413708143253597,0.0023608115091768773,0.05647533331633098,0.44031474349316624,0.6119865551473755,0.027470469910039378,0.07413708143253597,0.0023608115091768773,0.05647533331633098,0.9999999999999998,0.9999999965340904,0.9999999965340904,0.0,1.2659760913358298e-05,1.2659760913358298e-05,0.0,0.01040708675556612
camels_07346045,0.8359732138195675,0.664659149464276,0.0287874272096955,0.12306012817135205,0.002828983264327291,0.1065459369404079,0.8359732138195675,0.664659149464276,0.0287874272096955,0.12306012817135205,0.002828983264327291,0.1065459369404079,0.8359737329894108,0.664664025936499,0.0287874272096955,0.12306012817135205,0.002828983264327291,0.1065459369404079,0.9999999999999998,0.9999999999770531,0.9999999999770531,0.0,0.0,0.0,0.0,0.00016342656705337077
camels_07362100,0.7156511768236282,0.5968839502098526,0.0330577923850162,0.13672126321231617,0.003109709389553109,0.12124147860080185,0.7156511768236282,0.5968839502098526,0.0330577923850162,0.13672126321231617,0.003109709389553109,0.12124147860080185,0.7156530282254242,0.5968977758524407,0.0330577923850162,0.13672126321231617,0.003109709389553109,0.12124147860080185,0.9999999999999998,0.9999999986595512,0.9999999986595512,0.0,0.0,0.0,0.0,0.003133126610174841
camels_07373000,0.5842271991061073,0.6537132011313007,0.022543939277076333,0.09227920594128344,0.0029756718184836737,0.07717908739318229,0.5842271991061073,0.6537132011313007,0.022543939277076333,0.09227920594128344,0.0029756718184836737,0.07717908739318229,0.5842234661654342,0.6537120324545624,0.022543939277076333,0.09227920594128344,0.0029756718184836737,0.07717908739318229,1.0,0.9999999986256871,0.9999999986256871,0.0,0.0,0.0,0.0,0.00193310590913498
camels_07375000,0.6453961537886661,0.5854372227795636,0.01483225058348619,0.03849883553464321,0.0021147834359995007,0.019219631210543806,0.6453961537886661,0.5854372227795636,0.01483225058348619,0.03849883553464321,0.0021147834359995007,0.019219631210543806,0.6453928016903964,0.5854260142689658,0.01483225058348619,0.03849883553464321,0.0021147834359995007,0.019219631210543806,1.0,0.9999999970294046,0.9999999970294046,0.0,8.624293769798896e-06,8.624293769798896e-06,0.0,0.005260011977226142
camels_08013000,0.7379556278726151,0.6703951043579921,0.033479068051970755,0.14086459393917183,0.003162955850906836,0.1325845977597498,0.7379556278726151,0.6703951043579921,0.033479068051970755,0.14086459393917183,0.003162955850906836,0.1325845977597498,0.737959644354196,0.6704081078061996,0.033479068051970755,0.14086459393917183,0.003162955850906836,0.1325845977597498,1.0,0.9999999991401677,0.9999999991401677,0.0,0.0,0.0,0.0,0.0013766780643145182
camels_08014500,0.7839737935922773,0.803085519904263,0.019721535301595382,0.07810528737778112,0.002575243994382042,0.06409400026890134,0.7839737935922773,0.803085519904263,0.019721535301595382,0.07810528737778112,0.002575243994382042,0.06409400026890134,0.7839813383330918,0.8030993399218123,0.019721535301595382,0.07810528737778112,0.002575243994382042,0.06409400026890134,1.0,0.999999999279953,0.999999999279953,0.0,0.0,0.0,0.0,0.0009716970402067204
camels_08023080,0.5447075013936225,0.5010114755085577,0.03499562957949377,0.15162388644885824,0.003780215023497297,0.13502005060594416,0.5447075013936225,0.5010114755085577,0.03499562957949377,0.15162388644885824,0.003780215023497297,0.13502005060594416,0.5447029399260752,0.5010193487819292,0.03499562957949377,0.15162388644885824,0.003780215023497297,0.13502005060594416,1.0,0.9999999976977207,0.9999999976977207,0.0,0.0,0.0,0.0,0.0017586564735165844
camels_08029500,0.6118074379554139,0.5619068166170844,0.024301458904274095,0.10746771636405775,0.0031322135886604355,0.09589181400941303,0.6118074379554139,0.5619068166170844,0.024301458904274095,0.10746771636405775,0.0031322135886604355,0.09589181400941303,0.611812535612838,0.5619169313946535,0.024301458904274095,0.10746771636405775,0.0031322135886604355,0.09589181400941303,1.0,0.9999999970902026,0.9999999970902026,0.0,0.0,0.0,0.0,0.002167781891483145
camels_08066200,0.5497916348044909,0.27724976137060486,0.038983284677501624,0.17567999106633495,0.0040917216643358584,0.16369625037388677,0.5497916348044909,0.27724976137060486,0.038983284677501624,0.17567999106633495,0.0040917216643358584,0.16369625037388677,0.5497818969033381,0.27726931258104937,0.038983284677501624,0.17567999106633495,0.0040917216643358584,0.16369625037388677,1.0,0.9999999975356024,0.9999999975356024,0.0,0.0,0.0,0.0,0.0027178754089429713
camels_08066300,0.47892879624966567,0.36707551752511713,0.029029831489733218,0.13696097785996134,0.0032788474951506146,0.12398264732128708,0.47892879624966567,0.36707551752511713,0.029029831489733218,0.13696097785996134,0.0032788474951506146,0.12398264732128708,0.4789312402760273,0.36708875452379,0.029029831489733218,0.13696097785996134,0.0032788474951506146,0.12398264732128708,1.0,0.9999999992806418,0.9999999992806418,0.0,0.0,0.0,0.0,0.0010264790134728585
camels_08070000,0.5344658556096661,-0.159629742530925,0.0380938121803392,0.1765286706765815,0.003759978509094362,0.16452166884230793,0.5344658556096661,-0.159629742530925,0.0380938121803392,0.1765286706765815,0.003759978509094362,0.16452166884230793,0.53447176557633,-0.15961198064332494,0.0380938121803392,0.1765286706765815,0.003759978509094362,0.16452166884230793,1.0,0.9999999987098348,0.9999999987098348,0.0,0.0,0.0,0.0,0.0010169307942371475
camels_08079600,0.08418652642598679,-0.3279701678334024,0.04597481810780616,0.14540546099989698,0.004421451270701194,0.13388233919898104,0.08418652642598679,-0.3279701678334024,0.04597481810780616,0.14540546099989698,0.004421451270701194,0.13388233919898104,0.08418337642598817,-0.32796650971303865,0.04597481810780616,0.14540546099989698,0.004421451270701194,0.13388233919898104,1.0,0.9999999908589365,0.9999999908589365,0.0,0.0,0.0,0.0,0.0009294192436386517
camels_08082700,-0.028424087930828845,-0.1481676282638924,0.0365443355413286,0.11563388600068934,0.004236493439509951,0.10888017108909498,-0.028424087930828845,-0.1481676282638924,0.0365443355413286,0.11563388600068934,0.004236493439509951,0.10888017108909498,-0.02843413047113863,-0.1481729991585643,0.0365443355413286,0.11563388600068934,0.004236493439509951,0.10888017108909498,0.9999999999999999,0.9999999981328785,0.9999999981328785,0.0,0.0,0.0,0.0,0.0003649786199892979
camels_08086212,-0.05053707716928302,-0.150858560001234,0.03661518212989668,0.12141449407921844,0.004317826093089508,0.11581914719896916,-0.05053707716928302,-0.150858560001234,0.03661518212989668,0.12141449407921844,0.004317826093089508,0.11581914719896916,-0.050557932143134865,-0.15086947521879313,0.03661518212989668,0.12141449407921844,0.004317826093089508,0.11581914719896916,0.9999999999999999,0.9999999967018559,0.9999999967018559,0.0,0.0,0.0,0.0,0.0003899909524545109
camels_08086290,0.06702788274256333,-0.01951271117149611,0.03457953779982747,0.1094025076040148,0.0042749031562108785,0.10431075183179751,0.06702788274256333,-0.01951271117149611,0.03457953779982747,0.1094025076040148,0.0042749031562108785,0.10431075183179751,0.06701333202727655,-0.019522576062482644,0.03457953779982747,0.1094025076040148,0.0042749031562108785,0.10431075183179751,1.0,0.9999999970227684,0.9999999970227684,0.0,0.0,0.0,0.0,0.000741894986995284
camels_08101000,0.15840783466481245,-0.056953805198538765,0.039828819290377786,0.13324785213199639,0.004576931715495204,0.13404100893960763,0.15840783466481245,-0.056953805198538765,0.039828819290377786,0.13324785213199639,0.004576931715495204,0.13404100893960763,0.15840416017855974,-0.056949770430791746,0.039828819290377786,0.13324785213199639,0.004576931715495204,0.13404100893960763,0.9999999999999999,0.9999999996357207,0.9999999996357207,0.0,0.0,0.0,0.0,0.00030152467367905444
camels_08103900,0.19264529347613102,0.059327878180779114,0.03376257859669157,0.11319038747048524,0.004197658776753331,0.11243580475782042,0.19264529347613102,0.059327878180779114,0.03376257859669157,0.11319038747048524,0.004197658776753331,0.11243580475782042,0.19264392437329214,0.05932805519168538,0.03376257859669157,0.11319038747048524,0.004197658776753331,0.11243580475782042,1.0,0.999999997668769,0.999999997668769,0.0,0.0,0.0,0.0,0.0018830431840290984
camels_08104900,0.03261432651218421,-0.7742668114061837,0.04534395384256545,0.17464397809568333,0.004552197601442163,0.16949561314457087,0.03261432651218421,-0.7742668114061837,0.04534395384256545,0.17464397809568333,0.004552197601442163,0.16949561314457087,0.0325939545073165,-0.7742690780528121,0.04534395384256545,0.17464397809568333,0.004552197601442163,0.16949561314457087,1.0,0.9999999959644084,0.9999999959644084,0.0,0.0,0.0,0.0,0.0007887771255019604
camels_08109700,-0.5009721126598614,-1.7611400050067174,0.045549654235220824,0.1625803732726927,0.004823197989628233,0.16796407951060946,-0.5009721126598614,-1.7611400050067174,0.045549654235220824,0.1625803732726927,0.004823197989628233,0.16796407951060946,-0.5009671466888015,-1.761135278905305,0.045549654235220824,0.1625803732726927,0.004823197989628233,0.16796407951060946,1.0,0.9999999989619371,0.9999999989619371,0.0,0.0,0.0,0.0,0.00038866049179508977
camels_08150800,-1.6755087828503186,-3.5387585161276824,0.052409529927777955,0.19739845384207022,0.00496124553873863,0.19278472838488844,-1.6755087828503186,-3.5387585161276824,0.052409529927777955,0.19739845384207022,0.00496124553873863,0.19278472838488844,-1.6755011728511628,-3.538753294578145,0.052409529927777955,0.19739845384207022,0.00496124553873863,0.19278472838488844,1.0,0.9999999989339342,0.9999999989339342,0.0,0.0,0.0,0.0,0.0002626603838087327
camels_08158700,0.16106313691414698,-0.13300471192596697,0.03680927206971824,0.13768776357778428,0.00420766249147922,0.13440137634896362,0.16106313691414698,-0.13300471192596697,0.03680927206971824,0.13768776357778428,0.00420766249147922,0.13440137634896362,0.16105559589053897,-0.13300322648879637,0.03680927206971824,0.13768776357778428,0.00420766249147922,0.13440137634896362,1.0,0.999999998495868,0.999999998495868,0.0,0.0,0.0,0.0,0.0004322398735214783
camels_08158810,0.2629294410707119,0.1209225623198289,0.03738940047444001,0.14452021600750348,0.004070747648243005,0.13894838716147154,0.2629294410707119,0.1209225623198289,0.03738940047444001,0.14452021600750348,0.004070747648243005,0.13894838716147154,0.26292627263708657,0.12092745805657512,0.03738940047444001,0.14452021600750348,0.004070747648243005,0.13894838716147154,1.0,0.999999994272019,0.999999994272019,0.0,0.0,0.0,0.0,0.0019860713122370477
camels_08164000,0.24858170970809246,-0.5384987339701841,0.041390362134086194,0.1541568129347981,0.004982812022582513,0.16234905250657644,0.24858170970809246,-0.5384987339701841,0.041390362134086194,0.1541568129347981,0.004982812022582513,0.16234905250657644,0.24858705716563245,-0.5384891130742682,0.041390362134086194,0.1541568129347981,0.004982812022582513,0.16234905250657644,0.9999999999999999,0.9999999991166577,0.9999999991166577,0.0,0.0,0.0,0.0,0.0005088211592543246
camels_08164300,0.020910295798653555,-0.41562767561547753,0.03808252090856463,0.13770173171470906,0.00481691819900915,0.14454682448814654,0.020910295798653555,-0.41562767561547753,0.03808252090856463,0.13770173171470906,0.00481691819900915,0.14454682448814654,0.02091059906915116,-0.4156270820019101,0.03808252090856463,0.13770173171470906,0.00481691819900915,0.14454682448814654,1.0,0.999999999989009,0.999999999989009,0.0,0.0,0.0,0.0,4.926641403812937e-05
camels_08164600,0.3968546696219002,0.1612183070375438,0.03402413606160069,0.12756723709570708,0.004609542831204242,0.13280935693706025,0.3968546696219002,0.1612183070375438,0.03402413606160069,0.12756723709570708,0.004609542831204242,0.13280935693706025,0.3968592926779876,0.16122234337435626,0.03402413606160069,0.12756723709570708,0.004609542831204242,0.13280935693706025,1.0,0.9999999995439961,0.9999999995439961,0.0,0.0,0.0,0.0,0.000889507728825123
camels_08165300,-3.461936431170101,-3.132433301422708,0.04893002925973393,0.18327688716246196,0.004695548102048057,0.1803011694979716,-3.461936431170101,-3.132433301422708,0.04893002925973393,0.18327688716246196,0.004695548102048057,0.1803011694979716,-3.4619354462761676,-3.1324327093777997,0.04893002925973393,0.18327688716246196,0.004695548102048057,0.1803011694979716,0.9999999999999998,0.9999999999087225,0.9999999999087225,0.0,0.0,0.0,0.0,2.8908194116716857e-05
camels_08171300,0.04312358135545402,-0.41116483442663143,0.03754948583142511,0.15277917950922287,0.004134304189778728,0.14523114248898644,0.04312358135545402,-0.41116483442663143,0.03754948583142511,0.15277917950922287,0.004134304189778728,0.14523114248898644,0.043120315036609846,-0.4111602679179125,0.03754948583142511,0.15277917950922287,0.004134304189778728,0.14523114248898644,1.0,0.9999999976372038,0.9999999976372038,0.0,0.0,0.0,0.0,0.0004371731902921283
camels_08175000,0.17454124832218532,-0.4737083650821563,0.03934746098083124,0.14589374379744152,0.004830856497340947,0.15159538222616634,0.17454124832218532,-0.4737083650821563,0.03934746098083124,0.14589374379744152,0.004830856497340947,0.15159538222616634,0.17454468464974504,-0.4736994493710587,0.03934746098083124,0.14589374379744152,0.004830856497340947,0.15159538222616634,1.0,0.999999997841291,0.999999997841291,0.0,0.0,0.0,0.0,0.0006279829175372953
camels_08176900,0.19358124270554455,-0.13849870792391594,0.03486641464078644,0.1278180878737877,0.004577446322412085,0.13302730537089566,0.19358124270554455,-0.13849870792391594,0.03486641464078644,0.1278180878737877,0.004577446322412085,0.13302730537089566,0.19354432783821574,-0.1385124402043738,0.03486641464078644,0.1278180878737877,0.004577446322412085,0.13302730537089566,1.0,0.9999999941275044,0.9999999941275044,0.0,0.0,0.0,0.0,0.0011035649322810315
camels_08189500,0.246902230481863,-0.07905293900142851,0.03342426679197238,0.12612706739568808,0.0045730487328272075,0.13121986466537383,0.246902230481863,-0.07905293900142851,0.03342426679197238,0.12612706739568808,0.0045730487328272075,0.13121986466537383,0.24690700494534168,-0.07904864609319584,0.03342426679197238,0.12612706739568808,0.0045730487328272075,0.13121986466537383,0.9999999999999999,0.9999999985100075,0.9999999985100075,0.0,0.0,0.0,0.0,0.0004955150819143661
camels_08190000,-43.647151944550046,-5.380296258406999,0.051912080250211955,0.22346780092189084,0.004391633763032801,0.20866436136179956,-43.647151944550046,-5.380296258406999,0.051912080250211955,0.22346780092189084,0.004391633763032801,0.20866436136179956,-43.64714808067749,-5.380297431983378,0.051912080250211955,0.22346780092189084,0.004391633763032801,0.20866436136179956,1.0,0.9999999974728493,0.9999999974728493,0.0,0.0,0.0,0.0,3.5621640291250145e-05
camels_08190500,-0.7968364872702565,-0.5273173856002578,0.03492564071748126,0.13834974277333845,0.004323159753671766,0.13452403782347394,-0.7968364872702565,-0.5273173856002578,0.03492564071748126,0.13834974277333845,0.004323159753671766,0.13452403782347394,-0.7968818311034689,-0.5273360741620219,0.03492564071748126,0.13834974277333845,0.004323159753671766,0.13452403782347394,1.0,0.9999999977182134,0.9999999977182134,0.0,0.0,0.0,0.0,0.0004023622448441344
camels_08194200,0.03140077479556502,-0.37979122687331324,0.0300643007847165,0.12713836917529,0.0046631948459462755,0.12846873440075113,0.03140077479556502,-0.37979122687331324,0.0300643007847165,0.12713836917529,0.0046631948459462755,0.12846873440075113,0.03140186764529962,-0.3797893221403925,0.0300643007847165,0.12713836917529,0.0046631948459462755,0.12846873440075113,1.0,0.9999999970942096,0.9999999970942096,0.0,0.0,0.0,0.0,0.0004956993562006407
camels_08195000,-6.049592835303469,-2.982410226814679,0.04782337010753082,0.20529869342672413,0.004249473517613285,0.1927128139905949,-6.049592835303469,-2.982410226814679,0.04782337010753082,0.20529869342672413,0.004249473517613285,0.1927128139905949,-6.049581126783885,-2.982407706231479,0.04782337010753082,0.20529869342672413,0.004249473517613285,0.1927128139905949,0.9999999999999999,0.9999999928906714,0.9999999928906714,0.0,0.0,0.0,0.0,0.00014048594300053452
camels_08196000,-1.336645128427981,-3.704681579740913,0.0504423795317056,0.22636762700264643,0.004216994281714635,0.21123728104101958,-1.336645128427981,-3.704681579740913,0.0504423795317056,0.22636762700264643,0.004216994281714635,0.21123728104101958,-1.3366452597697647,-3.7046775918215307,0.0504423795317056,0.22636762700264643,0.004216994281714635,0.21123728104101958,1.0,0.9999999989860203,0.9999999989860203,0.0,0.0,0.0,0.0,0.00027754762399223587
camels_08198500,-0.8476989332522349,-1.001171961744228,0.03890303791657423,0.16808272355952078,0.004318545846378102,0.1607315249181906,-0.8476989332522349,-1.001171961744228,0.03890303791657423,0.16808272355952078,0.004318545846378102,0.1607315249181906,-0.8477058007519618,-1.0011741676967243,0.03890303791657423,0.16808272355952078,0.004318545846378102,0.1607315249181906,1.0,0.9999999992187598,0.9999999992187598,0.0,0.0,0.0,0.0,0.00015287682738240882
camels_08200000,0.09936830407345576,-0.8390216018891856,0.043202232685824196,0.1866346935713267,0.004173410688404137,0.1752261891084559,0.09936830407345576,-0.8390216018891856,0.043202232685824196,0.1866346935713267,0.004173410688404137,0.1752261891084559,0.09936867470678179,-0.8390163929032601,0.043202232685824196,0.1866346935713267,0.004173410688404137,0.1752261891084559,0.9999999999999999,0.9999999997235715,0.9999999997235715,0.0,0.0,0.0,0.0,0.00019006383457420561
camels_08202700,-0.091498799567715,-0.2828795561490549,0.033583271575989636,0.14878999350278904,0.004127153179950212,0.14142079691857887,-0.091498799567715,-0.2828795561490549,0.033583271575989636,0.14878999350278904,0.004127153179950212,0.14142079691857887,-0.09152692136245566,-0.28288541089427,0.033583271575989636,0.14878999350278904,0.004127153179950212,0.14142079691857887,1.0,0.9999999982968031,0.9999999982968031,0.0,0.0,0.0,0.0,0.00040883939018576676
camels_08267500,0.9662600514862345,0.8712855914354714,0.07097313592690241,0.05995410509090153,0.0010745623532463524,0.010527626447696956,0.9662600514862345,0.8712855914354714,0.07097313592690241,0.05995410509090153,0.0010745623532463524,0.010527626447696956,0.9662615117411194,0.8713004029134366,0.07097313592690241,0.05995410509090153,0.0010745623532463524,0.010527626447696956,1.0,0.9999999999150275,0.9999999999150275,0.0,0.0,0.0,0.0,0.000120067417310743
camels_08269000,0.6021765383394988,0.2095490829718737,0.0833820938822222,0.13444642227513312,0.0016156799894801019,0.07308884750273359,0.6021765383394988,0.2095490829718737,0.0833820938822222,0.13444642227513312,0.0016156799894801019,0.07308884750273359,0.6021774987261184,0.20955544476163146,0.0833820938822222,0.13444642227513312,0.0016156799894801019,0.07308884750273359,1.0,0.9999999998825743,0.9999999998825743,0.0,0.0,0.0,0.0,8.825564957959386e-05
camels_08271000,0.9710814328553308,0.908098766565942,0.06094228268636893,0.048691263256885456,0.001053960122636559,0.007067636640753756,0.9710814328553308,0.908098766565942,0.06094228268636893,0.048691263256885456,0.001053960122636559,0.007067636640753756,0.971083094599469,0.9081167967499785,0.06094228268636893,0.048691263256885456,0.001053960122636559,0.007067636640753756,1.0,0.9999999998570284,0.9999999998570284,0.0,1.2798965266291873e-05,1.2798965266291873e-05,0.0,0.0002190584772252535
camels_08324000,-8.976903703285043,-3.655489292646714,0.08812410149564608,0.1975364700534039,0.002248440407836171,0.1411248568830819,-8.976903703285043,-3.655489292646714,0.08812410149564608,0.1975364700534039,0.002248440407836171,0.1411248568830819,-8.976904366493525,-3.655488927314625,0.08812410149564608,0.1975364700534039,0.002248440407836171,0.1411248568830819,0.9999999999999999,0.9999999999037886,0.9999999999037886,0.0,0.0,0.0,0.0,1.612787255589332e-05
camels_08377900,0.8036530976088005,0.4646201793192709,0.07854558081946073,0.1148833083332673,0.0014019822735815454,0.052818939023279034,0.8036530976088005,0.4646201793192709,0.07854558081946073,0.1148833083332673,0.0014019822735815454,0.052818939023279034,0.8036541135628064,0.46462911505784976,0.07854558081946073,0.1148833083332673,0.0014019822735815454,0.052818939023279034,0.9999999999999998,0.9999999998943867,0.9999999998943867,0.0,0.0,0.0,0.0,0.00013352027763335883
camels_08378500,0.7050160765733056,0.45901535378362257,0.0772838522889793,0.10908051775144999,0.001355466059206949,0.04584025756340723,0.7050160765733056,0.45901535378362257,0.0772838522889793,0.10908051775144999,0.001355466059206949,0.04584025756340723,0.7050172026338025,0.45902449897219855,0.0772838522889793,0.10908051775144999,0.001355466059206949,0.04584025756340723,1.0,0.9999999997710741,0.9999999997710741,0.0,0.0,0.0,0.0,0.00010189349023015382
camels_08380500,0.11397966772388013,-0.9777125186224405,0.07509593924934434,0.1745373894186581,0.002003552173746043,0.11936920042212062,0.11397966772388013,-0.9777125186224405,0.07509593924934434,0.1745373894186581,0.002003552173746043,0.11936920042212062,0.11397535179513907,-0.9777051177730911,0.07509593924934434,0.1745373894186581,0.002003552173746043,0.11936920042212062,1.0,0.9999999996294785,0.9999999996294785,0.0,0.0,0.0,0.0,0.0003081079119637842
camels_09034900,0.9790398654469856,0.9207860176207043,0.12550898739580693,0.06266756580035536,0.0008838612095095807,0.005492397786153983,0.9790398654469856,0.9207860176207043,0.12550898739580693,0.06266756580035536,0.0008838612095095807,0.005492397786153983,0.9790379723840597,0.9207981896661245,0.12550898739580693,0.06266756580035536,0.0008838612095095807,0.005492397786153983,1.0,0.9999999995612409,0.9999999995612409,0.0,0.0,0.0,0.0,0.001621326933402223
camels_09035900,0.9781773254768975,0.893294108097293,0.10007662357229732,0.04772292286097157,0.0008495589540647928,0.00321016239104358,0.9781773254768975,0.893294108097293,0.10007662357229732,0.04772292286097157,0.0008495589540647928,0.00321016239104358,0.9781791219236268,0.8933195476180502,0.10007662357229732,0.04772292286097157,0.0008495589540647928,0.00321016239104358,1.0,0.9999999996124318,0.9999999996124318,0.0,0.0,0.0,0.0,0.0006723263248336053
camels_09047700,0.9423277305331879,0.781727753807747,0.10604104744251552,0.07123701393483377,0.0009817210583367647,0.012438775656431249,0.9423277305331879,0.781727753807747,0.10604104744251552,0.07123701393483377,0.0009817210583367647,0.012438775656431249,0.9423295857522014,0.7817510449286779,0.10604104744251552,0.07123701393483377,0.0009817210583367647,0.012438775656431249,1.0,0.9999999995131869,0.9999999995131869,0.0,0.0,0.0,0.0,0.00048610576639340763
camels_09065500,0.9680736644814035,0.9322627168155642,0.10184268448464044,0.05913892672463315,0.0009219994409572764,0.008123691473722942,0.9680736644814035,0.9322627168155642,0.10184268448464044,0.05913892672463315,0.0009219994409572764,0.008123691473722942,0.9680726206568097,0.9322808433551055,0.10184268448464044,0.05913892672463315,0.0009219994409572764,0.008123691473722942,1.0,0.9999999995124225,0.9999999995124225,0.0,0.0,0.0,0.0,0.001465102600537449
camels_09066000,0.98374205890876,0.890832490001514,0.10254623227380594,0.06784214770334487,0.001005800186257817,0.015457056211893264,0.98374205890876,0.890832490001514,0.10254623227380594,0.06784214770334487,0.001005800186257817,0.015457056211893264,0.9837420377670748,0.8908523943176322,0.10254623227380594,0.06784214770334487,0.001005800186257817,0.015457056211893264,1.0,0.9999999996068393,0.9999999996068393,0.0,0.0,0.0,0.0,0.0009785120624963284
camels_09066200,0.9569508710771191,0.8892407076129449,0.11380847520808902,0.07209603269008304,0.0010171744934685573,0.015807178102690597,0.9569508710771191,0.8892407076129449,0.11380847520808902,0.07209603269008304,0.0010171744934685573,0.015807178102690597,0.9569493655218854,0.889256461150211,0.11380847520808902,0.07209603269008304,0.0010171744934685573,0.015807178102690597,0.9999999999999999,0.9999999996276849,0.9999999996276849,0.0,0.0,0.0,0.0,0.0014853633969940105
camels_09066300,0.9582111367591966,0.6577133745086683,0.12387803485862624,0.11298932739010205,0.0011807642892214638,0.041527606894471825,0.9582111367591966,0.6577133745086683,0.12387803485862624,0.11298932739010205,0.0011807642892214638,0.041527606894471825,0.9582121236499501,0.657734474924978,0.12387803485862624,0.11298932739010205,0.0011807642892214638,0.041527606894471825,1.0,0.999999999584848,0.999999999584848,0.0,0.0,0.0,0.0,0.0006177332479853082
camels_09081600,0.9761815620814981,0.9202914407261779,0.09345894246749413,0.04420148141485682,0.0009015490994250315,0.003534503834242753,0.9761815620814981,0.9202914407261779,0.09345894246749413,0.04420148141485682,0.0009015490994250315,0.003534503834242753,0.9761825870300609,0.9203066176565637,0.09345894246749413,0.04420148141485682,0.0009015490994250315,0.003534503834242753,1.0,0.9999999998804855,0.9999999998804855,0.0,6.831270843443704e-06,6.831270843443704e-06,0.0,0.0005400876810606192
camels_09210500,0.8535730101664369,0.5671613074184705,0.10453568588163983,0.10066087270121546,0.0014202321035141393,0.04028423533720129,0.8535730101664369,0.5671613074184705,0.10453568588163983,0.10066087270121546,0.0014202321035141393,0.04028423533720129,0.853575247801847,0.5671744276529582,0.10453568588163983,0.10066087270121546,0.0014202321035141393,0.04028423533720129,0.9999999999999998,0.9999999996759706,0.9999999996759706,0.0,0.0,0.0,0.0,0.00026659621867852756
camels_09223000,0.9335621598488401,0.6241403419286806,0.10630907596487545,0.11464429936592767,0.0013508859802694882,0.049338922249134366,0.9335621598488401,0.6241403419286806,0.10630907596487545,0.11464429936592767,0.0013508859802694882,0.049338922249134366,0.9335635687528595,0.6241576211669246,0.10630907596487545,0.11464429936592767,0.0013508859802694882,0.049338922249134366,1.0,0.9999999995745049,0.9999999995745049,0.0,0.0,0.0,0.0,0.00048377152317602423
camels_09306242,-7.102203972246931,-9.817437756655655,0.1266114163350382,0.19063924979002916,0.0031599019168598416,0.14393424755661288,-7.102203972246931,-9.817437756655655,0.1266114163350382,0.19063924979002916,0.0031599019168598416,0.14393424755661288,-7.102203085581769,-9.817436430919221,0.1266114163350382,0.19063924979002916,0.0031599019168598416,0.14393424755661288,1.0,0.9999999999521386,0.9999999999521386,0.0,0.0,0.0,0.0,3.415163862807713e-05
camels_09312600,0.7249101741911648,-0.25356611531358064,0.11008461261617726,0.1623329209023992,0.00189343156485722,0.09893925107758621,0.7249101741911648,-0.25356611531358064,0.11008461261617726,0.1623329209023992,0.00189343156485722,0.09893925107758621,0.7249111145149785,-0.25355450009347025,0.11008461261617726,0.1623329209023992,0.00189343156485722,0.09893925107758621,1.0,0.9999999997971944,0.9999999997971944,0.0,0.0,0.0,0.0,0.00023950187602284068
camels_09352900,0.919680364840941,0.8670937442981063,0.09306252191323054,0.03870900678344479,0.0008805991428135375,0.002093145372176025,0.919680364840941,0.8670937442981063,0.09306252191323054,0.03870900678344479,0.0008805991428135375,0.002093145372176025,0.9196807081646758,0.8671129584871221,0.09306252191323054,0.03870900678344479,0.0008805991428135375,0.002093145372176025,0.9999999999999998,0.9999999997293507,0.9999999997293507,0.0,1.1287416291638763e-05,1.1287416291638763e-05,0.0,0.0008220086835013518
camels_09378630,-0.23396218123268842,-1.2071828304201282,0.08540954125580391,0.17915522824919974,0.0020579689656503304,0.11406905075599408,-0.23396218123268842,-1.2071828304201282,0.08540954125580391,0.17915522824919974,0.0020579689656503304,0.11406905075599408,-0.23396040582281885,-1.207172485018945,0.08540954125580391,0.17915522824919974,0.0020579689656503304,0.11406905075599408,1.0,0.9999999997092365,0.9999999997092365,0.0,0.0,0.0,0.0,0.00011012830535284124
camels_09386900,-1.7930591476551698,-1.787968268235534,0.07996189512055496,0.19005807872718053,0.0027145542431071127,0.13967613545199195,-1.7930591476551698,-1.787968268235534,0.07996189512055496,0.19005807872718053,0.0027145542431071127,0.13967613545199195,-1.7930599185295466,-1.787966815022965,0.07996189512055496,0.19005807872718053,0.0027145542431071127,0.13967613545199195,1.0,0.9999999996490814,0.9999999996490814,0.0,0.0,0.0,0.0,0.000128693831990212
camels_09404450,-0.7409726600119237,-0.582934249230034,0.0804217348234165,0.16521995498007258,0.0024387119266130863,0.11180925040409483,-0.7409726600119237,-0.582934249230034,0.0804217348234165,0.16521995498007258,0.0024387119266130863,0.11180925040409483,-0.7409647505198342,-0.5829281274684219,0.0804217348234165,0.16521995498007258,0.0024387119266130863,0.11180925040409483,1.0,0.9999999988498722,0.9999999988498722,0.0,0.0,0.0,0.0,0.0007000841618416409
camels_09430500,-1.8630108129980552,-4.324640546814763,0.07620797302369897,0.21736953766302453,0.00293480373057584,0.17708070766611467,-1.8630108129980552,-4.324640546814763,0.07620797302369897,0.21736953766302453,0.00293480373057584,0.17708070766611467,-1.8630109493687277,-4.324639953375685,0.07620797302369897,0.21736953766302453,0.00293480373057584,0.17708070766611467,1.0,0.9999999999942192,0.9999999999942192,0.0,0.0,0.0,0.0,1.3490040645436352e-05
camels_09430600,0.23162943297659444,0.01731367691647845,0.058596886098989366,0.1783076257299458,0.0023891123990258147,0.13057915646937993,0.23162943297659444,0.01731367691647845,0.058596886098989366,0.1783076257299458,0.0023891123990258147,0.13057915646937993,0.23162910374884216,0.017319868176454034,0.058596886098989366,0.1783076257299458,0.0023891123990258147,0.13057915646937993,1.0,0.9999999980984268,0.9999999980984268,0.0,0.0,0.0,0.0,0.0008251546566140355
camels_09447800,-17.631002545034935,-6.130347898384486,0.06929254512516045,0.2177826391997734,0.004603337080918752,0.19425756984501774,-17.631002545034935,-6.130347898384486,0.06929254512516045,0.2177826391997734,0.004603337080918752,0.19425756984501774,-17.631003864382745,-6.13034783444832,0.06929254512516045,0.2177826391997734,0.004603337080918752,0.19425756984501774,1.0,0.999999999996533,0.999999999996533,0.0,0.0,0.0,0.0,1.0764101875615495e-05
camels_09492400,0.8947579762834253,0.7941805014070059,0.04558206368653334,0.08287101730130024,0.0014689809652177605,0.03772810496858361,0.8947579762834253,0.7941805014070059,0.04558206368653334,0.08287101730130024,0.0014689809652177605,0.03772810496858361,0.8947596861027678,0.7941926540186186,0.04558206368653334,0.08287101730130024,0.0014689809652177605,0.03772810496858361,1.0,0.9999999996677063,0.9999999996677063,0.0,0.0,0.0,0.0,0.00040608817413589904
camels_09494000,-0.9423538726632044,-0.7783838313359017,0.06297825935162589,0.17546718821806065,0.0023460520692094103,0.13041875812151368,-0.9423538726632044,-0.7783838313359017,0.06297825935162589,0.17546718821806065,0.0023460520692094103,0.13041875812151368,-0.9423570041996912,-0.7783810797614643,0.06297825935162589,0.17546718821806065,0.0023460520692094103,0.13041875812151368,0.9999999999999999,0.9999999997559491,0.9999999997559491,0.0,0.0,0.0,0.0,7.627103852425599e-05
camels_09497980,0.5338602004633164,-1.8959789584221602,0.05738383945054989,0.2198835423220002,0.002883947113222815,0.1764123386591975,0.5338602004633164,-1.8959789584221602,0.05738383945054989,0.2198835423220002,0.002883947113222815,0.1764123386591975,0.5338518861270571,-1.8959542868304142,0.05738383945054989,0.2198835423220002,0.002883947113222815,0.1764123386591975,0.9999999999999998,0.9999999985984231,0.9999999985984231,0.0,0.0,0.0,0.0,0.0005614818762356144
camels_09505350,0.5201501127417041,-0.08136394047512496,0.057272115247002965,0.18332203522657042,0.0030050926711448064,0.1438025948483852,0.5201501127417041,-0.08136394047512496,0.057272115247002965,0.18332203522657042,0.0030050926711448064,0.1438025948483852,0.5201432593615364,-0.0813538427743552,0.057272115247002965,0.18332203522657042,0.0030050926711448064,0.1438025948483852,1.0,0.9999999985920262,0.9999999985920262,0.0,0.0,0.0,0.0,0.0006642039672639655
camels_09505800,-0.02331202661750109,-1.178258138535469,0.060679122739099346,0.1974352915920544,0.0026845228357682605,0.1521559121400783,-0.02331202661750109,-1.178258138535469,0.060679122739099346,0.1974352915920544,0.0026845228357682605,0.1521559121400783,-0.02331275538191635,-1.178253962099272,0.060679122739099346,0.1974352915920544,0.0026845228357682605,0.1521559121400783,0.9999999999999999,0.999999999947958,0.999999999947958,0.0,0.0,0.0,0.0,8.172646969911712e-05
camels_09508300,0.4632482186157054,0.07094297968960905,0.05291672217193046,0.21833959119073276,0.003816457113919829,0.18668449974446943,0.4632482186157054,0.07094297968960905,0.05291672217193046,0.21833959119073276,0.003816457113919829,0.18668449974446943,0.4632481404045705,0.07094522680725202,0.05291672217193046,0.21833959119073276,0.003816457113919829,0.18668449974446943,1.0,0.9999999999878457,0.9999999999878457,0.0,0.0,0.0,0.0,5.933062101259878e-05
camels_09510200,0.5430223978169684,-0.7694101550258117,0.0498718393260035,0.2075605287996799,0.0041695436647891035,0.18005472612671147,0.5430223978169684,-0.7694101550258117,0.0498718393260035,0.2075605287996799,0.0041695436647891035,0.18005472612671147,0.5429993054368294,-0.7693845742362511,0.0498718393260035,0.2075605287996799,0.0041695436647891035,0.18005472612671147,1.0,0.9999999967480967,0.9999999967480967,0.0,0.0,0.0,0.0,0.0011183776451888505
camels_09512280,0.13342507652079905,-0.61261355463803,0.04458098421232212,0.15377482168572912,0.004599468509759187,0.14686757797643574,0.13342507652079905,-0.61261355463803,0.04458098421232212,0.15377482168572912,0.004599468509759187,0.14686757797643574,0.13336215065889734,-0.6126231046841495,0.04458098421232212,0.15377482168572912,0.004599468509759187,0.14686757797643574,1.0,0.9999999939801621,0.9999999939801621,0.0,0.0,0.0,0.0,0.002171879860087156
camels_09513780,0.08952690921998019,-0.4364524188554795,0.04379918096515276,0.1597149088706738,0.0046185522969305875,0.15005532471693553,0.08952690921998019,-0.4364524188554795,0.04379918096515276,0.1597149088706738,0.0046185522969305875,0.15005532471693553,0.08952680408428693,-0.4364506643979946,0.04379918096515276,0.1597149088706738,0.0046185522969305875,0.15005532471693553,1.0,0.999999999777484,0.999999999777484,0.0,0.0,0.0,0.0,0.00028193974830337254
camels_10172700,-28.9589918229244,-1.8643888962112984,0.09215902827574322,0.14342072585533405,0.003159319749952088,0.10767960616105952,-28.9589918229244,-1.8643888962112984,0.09215902827574322,0.14342072585533405,0.003159319749952088,0.10767960616105952,-28.958974371566786,-1.8643906266428627,0.09215902827574322,0.14342072585533405,0.003159319749952088,0.10767960616105952,1.0,0.9999999877559902,0.9999999877559902,0.0,0.0,0.0,0.0,8.328845200966661e-05
camels_10172800,0.9785201624892933,0.9803829332635768,0.045584224058696755,0.021678719897782826,0.001289482339158745,0.0021192420085109995,0.9785201624892933,0.9803829332635768,0.045584224058696755,0.021678719897782826,0.001289482339158745,0.0021192420085109995,0.9785204245293301,0.9804068477867262,0.045584224058696755,0.021678719897782826,0.001289482339158745,0.0021192420085109995,1.0,0.9999999997414827,0.9999999997414827,0.0,2.523893005568212e-05,2.523893005568212e-05,0.0,0.0003847222393753569
camels_10173450,0.8998078504407163,0.5074780944607893,0.08785559787711555,0.11760540047233535,0.0015355017799392916,0.05550536412979962,0.8998078504407163,0.5074780944607893,0.08785559787711555,0.11760540047233535,0.0015355017799392916,0.05550536412979962,0.899808690351094,0.5074882607574944,0.08785559787711555,0.11760540047233535,0.0015355017799392916,0.05550536412979962,1.0,0.9999999996769867,0.9999999996769867,0.0,0.0,0.0,0.0,0.0004557041915997928
camels_10205030,0.13077152931825387,-0.01995762936811607,0.09804128836424791,0.13567388507463868,0.0015837612790461728,0.06367126449368304,0.13077152931825387,-0.01995762936811607,0.09804128836424791,0.13567388507463868,0.0015837612790461728,0.06367126449368304,0.1307745109999322,-0.01995140627619918,0.09804128836424791,0.13567388507463868,0.0015837612790461728,0.06367126449368304,1.0,0.9999999996074337,0.9999999996074337,0.0,0.0,0.0,0.0,0.00013191654639488348
camels_10234500,0.8538486023821857,0.6303005408800642,0.08462790436967149,0.09550149078059632,0.0014287976174035372,0.03679322480671788,0.8538486023821857,0.6303005408800642,0.08462790436967149,0.09550149078059632,0.0014287976174035372,0.03679322480671788,0.8538509302414697,0.6303134731795946,0.08462790436967149,0.09550149078059632,0.0014287976174035372,0.03679322480671788,1.0,0.9999999995948403,0.9999999995948403,0.0,0.0,0.0,0.0,0.00028689828620098723
camels_10242000,0.7355158726208446,0.403220102733325,0.07326069303748574,0.11558349795080343,0.0025918349291199844,0.07429303832760205,0.7355158726208446,0.403220102733325,0.07326069303748574,0.11558349795080343,0.0025918349291199844,0.07429303832760205,0.7355157881419399,0.4032245793162804,0.07326069303748574,0.11558349795080343,0.0025918349291199844,0.07429303832760205,1.0,0.9999999999567923,0.9999999999567923,0.0,0.0,0.0,0.0,0.0001030929013068338
camels_10244950,0.8819381823327916,0.7128319442876071,0.08204816930434283,0.0728078938884619,0.0018305194788965685,0.02999855954555179,0.8819381823327916,0.7128319442876071,0.08204816930434283,0.0728078938884619,0.0018305194788965685,0.02999855954555179,0.8819389154303214,0.7128348356801834,0.08204816930434283,0.0728078938884619,0.0018305194788965685,0.02999855954555179,0.9999999999999999,0.9999999998602201,0.9999999998602201,0.0,0.0,0.0,0.0,0.0001825774157575566
camels_10249300,0.07827200806821455,-0.499479787657241,0.08980279113893334,0.1388576824814988,0.003056857745497512,0.10108683433300583,0.07827200806821455,-0.499479787657241,0.08980279113893334,0.1388576824814988,0.003056857745497512,0.10108683433300583,0.07827120738823212,-0.49947734792654863,0.08980279113893334,0.1388576824814988,0.003056857745497512,0.10108683433300583,1.0,0.9999999999373715,0.9999999999373715,0.0,0.0,0.0,0.0,8.416055814675083e-05
camels_10258000,0.35687670284089457,-0.557960552558701,0.05111060848584281,0.19948237421062848,0.0037743138976803173,0.16674017915861117,0.35687670284089457,-0.557960552558701,0.05111060848584281,0.19948237421062848,0.0037743138976803173,0.16674017915861117,0.35687534989754555,-0.5579544045934317,0.05111060848584281,0.19948237421062848,0.0037743138976803173,0.16674017915861117,0.9999999999999999,0.999999998811951,0.999999998811951,0.0,0.0,0.0,0.0,0.000810674089558372
camels_10258500,-5.984614537018572,-2.5751782605332973,0.05428098790785846,0.21952881725999937,0.004127117876590628,0.18682091269967038,-5.984614537018572,-2.5751782605332973,0.05428098790785846,0.21952881725999937,0.004127117876590628,0.18682091269967038,-5.984611937815651,-2.5751768556178747,0.05428098790785846,0.21952881725999937,0.004127117876590628,0.18682091269967038,1.0,0.9999999998305286,0.9999999998305286,0.0,0.0,0.0,0.0,4.444864490471545e-05
camels_10259000,0.17204419650830582,-0.3324410898068866,0.04278110867823355,0.17875788381085192,0.0036481038068419294,0.14640240775644175,0.17204419650830582,-0.3324410898068866,0.04278110867823355,0.17875788381085192,0.0036481038068419294,0.14640240775644175,0.1720440778427229,-0.33243828164032596,0.04278110867823355,0.17875788381085192,0.0036481038068419294,0.14640240775644175,0.9999999999999998,0.9999999999327188,0.9999999999327188,0.0,0.0,0.0,0.0,8.434138431923088e-05
camels_10259200,-0.9825212684317135,-2.104103685174482,0.04966636410107719,0.19497248589629818,0.0050017206954182285,0.17840512413040377,-0.9825212684317135,-2.104103685174482,0.04966636410107719,0.19497248589629818,0.0050017206954182285,0.17840512413040377,-0.9825271698269447,-2.1041048152239026,0.04966636410107719,0.19497248589629818,0.0050017206954182285,0.17840512413040377,0.9999999999999999,0.999999999641128,0.999999999641128,0.0,0.0,0.0,0.0,8.956324322673126e-05
camels_10263500,0.6552437058928364,0.4899326464148962,0.03968500288214693,0.11574177771020855,0.003329721619101132,0.09677359869223821,0.6552437058928364,0.4899326464148962,0.03968500288214693,0.11574177771020855,0.003329721619101132,0.09677359869223821,0.6552241014155136,0.4899349411693744,0.03968500288214693,0.11574177771020855,0.003329721619101132,0.09677359869223821,1.0,0.9999999982697221,0.9999999982697221,0.0,0.0,0.0,0.0,0.001146619936345683
camels_10316500,0.96910727620944,0.8810898914824592,0.09375329472230366,0.08462975987556257,0.001467082103899478,0.037390587827980395,0.96910727620944,0.8810898914824592,0.09375329472230366,0.08462975987556257,0.001467082103899478,0.037390587827980395,0.9691070206828721,0.8810986919837718,0.09375329472230366,0.08462975987556257,0.001467082103899478,0.037390587827980395,1.0,0.9999999996412405,0.9999999996412405,0.0,0.0,0.0,0.0,0.0008530379878566308
camels_10329500,-0.5605092152877111,-1.2321874011012035,0.09949943124643446,0.1544977029487037,0.003084342136344368,0.11133076511096761,-0.5605092152877111,-1.2321874011012035,0.09949943124643446,0.1544977029487037,0.003084342136344368,0.11133076511096761,-0.560508485593044,-1.232183625854987,0.09949943124643446,0.1544977029487037,0.003084342136344368,0.11133076511096761,0.9999999999999999,0.9999999998660274,0.9999999998660274,0.0,0.0,0.0,0.0,7.962103985992286e-05
camels_10336645,0.8518641716141822,0.8434472775238895,0.056599695542279414,0.09734030021373447,0.0018048149818822772,0.06727840121812802,0.8518641716141822,0.8434472775238895,0.056599695542279414,0.09734030021373447,0.0018048149818822772,0.06727840121812802,0.8518634108958629,0.8434629177966668,0.056599695542279414,0.09734030021373447,0.0018048149818822772,0.06727840121812802,1.0,0.9999999997151472,0.9999999997151472,0.0,0.0,0.0,0.0,0.0017032849575082665
camels_10336660,0.882297174396189,0.8858207477087655,0.048089759006461556,0.07578757326694821,0.0015699088694357728,0.0490725318026591,0.882297174396189,0.8858207477087655,0.048089759006461556,0.07578757326694821,0.0015699088694357728,0.0490725318026591,0.8822952540060972,0.8858279560509799,0.048089759006461556,0.07578757326694821,0.0015699088694357728,0.0490725318026591,1.0,0.9999999992439431,0.9999999992439431,0.0,4.401771271034249e-06,4.401771271034249e-06,0.0,0.004086118979839126
camels_10343500,0.8162227252822764,0.6757112206733371,0.057606161245226134,0.10376910196114747,0.0016193842791156884,0.057974964319813325,0.8162227252822764,0.6757112206733371,0.057606161245226134,0.10376910196114747,0.0016193842791156884,0.057974964319813325,0.8162244483514056,0.6757307962160597,0.057606161245226134,0.10376910196114747,0.0016193842791156884,0.057974964319813325,1.0,0.9999999998335911,0.9999999998335911,0.0,0.0,0.0,0.0,0.00041276347802465807
camels_10396000,0.8630743651919379,0.7476266873773816,0.07155770694508272,0.0753177433903754,0.0020807306858395464,0.041838510138026114,0.8630743651919379,0.7476266873773816,0.07155770694508272,0.0753177433903754,0.0020807306858395464,0.041838510138026114,0.8630729143926407,0.7476323314888692,0.07155770694508272,0.0753177433903754,0.0020807306858395464,0.041838510138026114,0.9999999999999999,0.999999999746373,0.999999999746373,0.0,0.0,0.0,0.0,0.00026979932072412893
camels_11098000,0.4306026849636493,0.325641971040763,0.040530144805598696,0.18232768524974646,0.0031360942500116376,0.14561268030750824,0.4306026849636493,0.325641971040763,0.040530144805598696,0.18232768524974646,0.0031360942500116376,0.14561268030750824,0.4305847252545614,0.3256563021770804,0.040530144805598696,0.18232768524974646,0.0031360942500116376,0.14561268030750824,0.9999999999999999,0.9999999990630309,0.9999999990630309,0.0,0.0,0.0,0.0,0.0013835870413241302
camels_11124500,0.3626173708656456,-0.5991635597658036,0.049120058442709655,0.21438511351301026,0.0033915011926306674,0.1736869517978258,0.3626173708656456,-0.5991635597658036,0.049120058442709655,0.21438511351301026,0.0033915011926306674,0.1736869517978258,0.3626170921699432,-0.5991582293754587,0.049120058442709655,0.21438511351301026,0.0033915011926306674,0.1736869517978258,1.0,0.99999999997816,0.99999999997816,0.0,0.0,0.0,0.0,8.992236458738034e-05
camels_11141280,0.2100095997735194,-0.272525253525407,0.046493399505924744,0.1771329806252377,0.004194403565195947,0.15151000109937562,0.2100095997735194,-0.272525253525407,0.046493399505924744,0.1771329806252377,0.004194403565195947,0.15151000109937562,0.21000499461148103,-0.2725126313839099,0.046493399505924744,0.1771329806252377,0.004194403565195947,0.15151000109937562,1.0,0.9999999991287385,0.9999999991287385,0.0,0.0,0.0,0.0,0.0007001213892183777
camels_11143000,0.8362897872001792,0.9013768379277234,0.022134565775099438,0.06774299110892336,0.0018127667734637463,0.039797538772799665,0.8362897872001792,0.9013768379277234,0.022134565775099438,0.06774299110892336,0.0018127667734637463,0.039797538772799665,0.8362759816623128,0.9013833862507835,0.022134565775099438,0.06774299110892336,0.0018127667734637463,0.039797538772799665,1.0,0.9999999992555147,0.9999999992555147,0.0,1.103661181556248e-05,1.103661181556248e-05,0.0,0.0034137899255313187
camels_11148900,0.6308157632433827,0.5717257020082778,0.04958869206736102,0.19048765232790316,0.0038677672101808127,0.1578563047954567,0.6308157632433827,0.5717257020082778,0.04958869206736102,0.19048765232790316,0.0038677672101808127,0.1578563047954567,0.6308133119589322,0.571745999504436,0.04958869206736102,0.19048765232790316,0.0038677672101808127,0.1578563047954567,1.0,0.9999999986916245,0.9999999986916245,0.0,0.0,0.0,0.0,0.0026187768024827918
camels_11151300,-1.4451836480700697,-2.8117734278177307,0.057520438884866645,0.19013105783211048,0.0048546007632242014,0.1775755226491189,-1.4451836480700697,-2.8117734278177307,0.057520438884866645,0.19013105783211048,0.0048546007632242014,0.1775755226491189,-1.4451845081964607,-2.8117726498198063,0.057520438884866645,0.19013105783211048,0.0048546007632242014,0.1775755226491189,1.0,0.9999999999772531,0.9999999999772531,0.0,0.0,0.0,0.0,2.5496808912617297e-05
camels_11162500,0.7238277567129248,0.4540195117039314,0.04853575360218845,0.1809197168563007,0.0032851844481957613,0.14723697066548871,0.7238277567129248,0.4540195117039314,0.04853575360218845,0.1809197168563007,0.0032851844481957613,0.14723697066548871,0.7238259075754767,0.45404261284728087,0.04853575360218845,0.1809197168563007,0.0032851844481957613,0.14723697066548871,1.0,0.9999999990480566,0.9999999990480566,0.0,0.0,0.0,0.0,0.001359860633889376
camels_11176400,0.3211328254014496,-0.685954930262195,0.0559189206446402,0.1783206467696184,0.004499337929499319,0.1620190324454472,0.3211328254014496,-0.685954930262195,0.0559189206446402,0.1783206467696184,0.004499337929499319,0.1620190324454472,0.32113058793376426,-0.6859455870215179,0.0559189206446402,0.1783206467696184,0.004499337929499319,0.1620190324454472,1.0,0.9999999995544523,0.9999999995544523,0.0,0.0,0.0,0.0,0.00037911531188838943
camels_11180500,0.43768846696516994,-0.16216651226878986,0.047195823003989446,0.14491072029903018,0.004530810390959888,0.13516510659734327,0.43768846696516994,-0.16216651226878986,0.047195823003989446,0.14491072029903018,0.004530810390959888,0.13516510659734327,0.43768725680639486,-0.1621597823280574,0.047195823003989446,0.14491072029903018,0.004530810390959888,0.13516510659734327,0.9999999999999999,0.9999999997132222,0.9999999997132222,0.0,0.0,0.0,0.0,0.00018372363865681862
camels_11180960,0.4978548567443982,-0.00339740283776635,0.05270497165393636,0.1640687551749889,0.004494076858427655,0.14866952025624366,0.4978548567443982,-0.00339740283776635,0.05270497165393636,0.1640687551749889,0.004494076858427655,0.14866952025624366,0.49785281926535285,-0.003380418866311574,0.05270497165393636,0.1640687551749889,0.004494076858427655,0.14866952025624366,1.0,0.9999999985863957,0.9999999985863957,0.0,0.0,0.0,0.0,0.0006511301623490229
camels_11224500,-0.6560426179454255,-1.2101320891874887,0.049533324019178655,0.1735406964594162,0.004702218309135514,0.1601096750998352,-0.6560426179454255,-1.2101320891874887,0.049533324019178655,0.1735406964594162,0.004702218309135514,0.1601096750998352,-0.6560534369469948,-1.2101295238770202,0.049533324019178655,0.1735406964594162,0.004702218309135514,0.1601096750998352,1.0,0.9999999996419154,0.9999999996419154,0.0,0.0,0.0,0.0,0.00019734109970248603
camels_11230500,0.8734846362083816,0.856719881074999,0.07549129431919926,0.0577147447071501,0.001298410824781499,0.025442934326419482,0.8734846362083816,0.856719881074999,0.07549129431919926,0.0577147447071501,0.001298410824781499,0.025442934326419482,0.8734851423516659,0.8567351936620848,0.07549129431919926,0.0577147447071501,0.001298410824781499,0.025442934326419482,1.0,0.9999999998436055,0.9999999998436055,0.0,9.723734301747555e-06,9.723734301747555e-06,0.0,0.0006798114827857304
camels_11237500,0.9127083072807796,0.8018438975461631,0.06645901275696667,0.12146332220421843,0.0017027131442365975,0.0821961331319132,0.9127083072807796,0.8018438975461631,0.06645901275696667,0.12146332220421843,0.0017027131442365975,0.0821961331319132,0.9127081061290434,0.8018570827546717,0.06645901275696667,0.12146332220421843,0.0017027131442365975,0.0821961331319132,1.0,0.9999999997532901,0.9999999997532901,0.0,0.0,0.0,0.0,0.0022391505495678032
camels_11253310,-2.673256579087728,-1.8497201981576468,0.05231750054968782,0.19675483626236054,0.004621076487140771,0.17469275050908026,-2.673256579087728,-1.8497201981576468,0.05231750054968782,0.19675483626236054,0.004621076487140771,0.17469275050908026,-2.673258689177089,-1.8497199069173784,0.05231750054968782,0.19675483626236054,0.004621076487140771,0.17469275050908026,1.0,0.9999999999253297,0.9999999999253297,0.0,0.0,0.0,0.0,3.5747423335896755e-05
camels_11264500,0.8414021899968215,0.828913557807327,0.07226123925880293,0.07498448431854557,0.001443254391513538,0.04366664306145411,0.8414021899968215,0.828913557807327,0.07226123925880293,0.07498448431854557,0.001443254391513538,0.04366664306145411,0.8414021381655927,0.8289297139432016,0.07226123925880293,0.07498448431854557,0.001443254391513538,0.04366664306145411,1.0,0.9999999996787355,0.9999999996787355,0.0,9.243969896211013e-06,9.243969896211013e-06,0.0,0.00199607825721948
camels_11266500,0.8296191407761214,0.8154074326955587,0.06282992566091294,0.07981857547411812,0.0014643848063254211,0.048870414749362164,0.8296191407761214,0.8154074326955587,0.06282992566091294,0.07981857547411812,0.0014643848063254211,0.048870414749362164,0.8296191211400631,0.8154242695096292,0.06282992566091294,0.07981857547411812,0.0014643848063254211,0.048870414749362164,1.0,0.9999999995485317,0.9999999995485317,0.0,4.478460269519147e-06,4.478460269519147e-06,0.0,0.002010178049561606
camels_11274500,0.21554603001777783,-0.3903185524774393,0.04762508786957839,0.16278589028132132,0.004609599896908774,0.14958470714019714,0.21554603001777783,-0.3903185524774393,0.04762508786957839,0.16278589028132132,0.004609599896908774,0.14958470714019714,0.21553141879414683,-0.3903100204715877,0.04762508786957839,0.16278589028132132,0.004609599896908774,0.14958470714019714,1.0,0.9999999988118469,0.9999999988118469,0.0,0.0,0.0,0.0,0.0005202527080965247
camels_11274630,-1.0064247251802918,-1.3424195528026273,0.052413819721214186,0.17350750472434395,0.004641627008000929,0.16055073148096793,-1.0064247251802918,-1.3424195528026273,0.052413819721214186,0.17350750472434395,0.004641627008000929,0.16055073148096793,-1.0064242171034619,-1.3424149263063843,0.052413819721214186,0.17350750472434395,0.004641627008000929,0.16055073148096793,1.0,0.999999999826335,0.999999999826335,0.0,0.0,0.0,0.0,7.714084059573523e-05
camels_11284400,0.6119300246679289,0.11257236846079444,0.04641211163441501,0.18111534505538476,0.002915188168415433,0.14032513539157582,0.6119300246679289,0.11257236846079444,0.04641211163441501,0.18111534505538476,0.002915188168415433,0.14032513539157582,0.6119309649993676,0.11261562002022119,0.04641211163441501,0.18111534505538476,0.002915188168415433,0.14032513539157582,1.0,0.999999998396409,0.999999998396409,0.0,0.0,0.0,0.0,0.002669929498669621
camels_11381500,0.6461222454559585,0.7130350409208093,0.02033011008953226,0.017304410799038095,0.0012033199683647853,0.003454882619830706,0.6461222454559585,0.7130350409208093,0.02033011008953226,0.017304410799038095,0.0012033199683647853,0.003454882619830706,0.6461237943262566,0.7130485724196647,0.02033011008953226,0.017304410799038095,0.0012033199683647853,0.003454882619830706,1.0,0.9999999993328859,0.9999999993328859,0.0,2.0182788991629508e-05,2.0182788991629508e-05,0.0,0.001079191132135282
camels_11383500,0.4790811657307982,0.5194673155151346,0.0252214010056811,0.0513568638304426,0.0015628952767254131,0.024864778654086903,0.4790811657307982,0.5194673155151346,0.0252214010056811,0.0513568638304426,0.0015628952767254131,0.024864778654086903,0.4790874319713778,0.5194889283012118,0.0252214010056811,0.0513568638304426,0.0015628952767254131,0.024864778654086903,1.0,0.9999999988888656,0.9999999988888656,0.0,1.489255111541965e-05,1.489255111541965e-05,0.0,0.0015449187176885815
camels_11451100,0.7848999411543214,0.7668232762957214,0.04151617363548666,0.15234700293860134,0.002551803820998867,0.1182790852947119,0.7848999411543214,0.7668232762957214,0.04151617363548666,0.15234700293860134,0.002551803820998867,0.1182790852947119,0.7848961767047693,0.7668407813784099,0.04151617363548666,0.15234700293860134,0.002551803820998867,0.1182790852947119,1.0,0.9999999991105787,0.9999999991105787,0.0,0.0,0.0,0.0,0.002260875759608094
camels_11468500,0.7697636551533938,0.6789747979986145,0.03962622946222704,0.13863811995871894,0.0026061338536879594,0.10806552353060028,0.7697636551533938,0.6789747979986145,0.03962622946222704,0.13863811995871894,0.0026061338536879594,0.10806552353060028,0.7697658394451075,0.679020072524346,0.03962622946222704,0.13863811995871894,0.0026061338536879594,0.10806552353060028,1.0,0.9999999989261759,0.9999999989261759,0.0,0.0,0.0,0.0,0.0032561571152882607
camels_11473900,0.5984759711490083,0.6516636397269662,0.04060662445625476,0.12512802526385014,0.0021866603990597366,0.09764150654326588,0.5984759711490083,0.6516636397269662,0.04060662445625476,0.12512802526385014,0.0021866603990597366,0.09764150654326588,0.5984766576572833,0.6516872818261866,0.04060662445625476,0.12512802526385014,0.0021866603990597366,0.09764150654326588,1.0,0.9999999991423979,0.9999999991423979,0.0,0.0,0.0,0.0,0.002378233669251273
camels_11475560,0.8407351123255906,0.9027053703151914,0.03177777303885253,0.0927079206547921,0.002017501111446481,0.06772304016484693,0.8407351123255906,0.9027053703151914,0.03177777303885253,0.0927079206547921,0.002017501111446481,0.06772304016484693,0.8407339941146232,0.9027164607796025,0.03177777303885253,0.0927079206547921,0.002017501111446481,0.06772304016484693,1.0,0.9999999993596533,0.9999999993596533,0.0,7.476421375551823e-06,7.476421375551823e-06,0.0,0.002726247933519055
camels_11476600,0.9071338737401484,0.923101864819924,0.036047551307910354,0.10736420111046843,0.0021502428074153877,0.08223554599599471,0.9071338737401484,0.923101864819924,0.036047551307910354,0.10736420111046843,0.0021502428074153877,0.08223554599599471,0.9071332190551523,0.9231187526008462,0.036047551307910354,0.10736420111046843,0.0021502428074153877,0.08223554599599471,1.0,0.999999998980384,0.999999998980384,0.0,2.629242963569922e-06,2.629242963569922e-06,0.0,0.006439519359386026
camels_11478500,0.8117847469538076,0.8789026775634453,0.03961664551895482,0.1054064056210779,0.0020456154496384443,0.0810992846382559,0.8117847469538076,0.8789026775634453,0.03961664551895482,0.1054064056210779,0.0020456154496384443,0.0810992846382559,0.8117822056037344,0.8789237838072002,0.03961664551895482,0.1054064056210779,0.0020456154496384443,0.0810992846382559,1.0,0.9999999992710217,0.9999999992710217,0.0,5.5834816805599985e-06,5.5834816805599985e-06,0.0,0.004031542062170601
camels_11480390,0.7768468780366757,0.7756572437452633,0.042772481117480665,0.12744307759809204,0.002183948230549965,0.0981367532911939,0.7768468780366757,0.7756572437452633,0.042772481117480665,0.12744307759809204,0.002183948230549965,0.0981367532911939,0.776846986128819,0.7756798893362814,0.042772481117480665,0.12744307759809204,0.002183948230549965,0.0981367532911939,0.9999999999999999,0.9999999993911004,0.9999999993911004,0.0,0.0,0.0,0.0,0.001518959981276602
camels_11481200,0.7225354598044884,0.8207811424030659,0.03193098768501204,0.07129699830834813,0.0019773694129309356,0.05144963757745151,0.7225354598044884,0.8207811424030659,0.03193098768501204,0.07129699830834813,0.0019773694129309356,0.05144963757745151,0.7225322009546187,0.8208049956873897,0.03193098768501204,0.07129699830834813,0.0019773694129309356,0.05144963757745151,1.0,0.9999999991425588,0.9999999991425588,0.0,1.5128790626706135e-05,1.5128790626706135e-05,0.0,0.004247138773585846
camels_11482500,0.8037705582643285,0.8262816250451108,0.03382527968462776,0.08349768772086555,0.001953479097532694,0.06315619756919133,0.8037705582643285,0.8262816250451108,0.03382527968462776,0.08349768772086555,0.001953479097532694,0.06315619756919133,0.8037735758335222,0.8263000024938933,0.03382527968462776,0.08349768772086555,0.001953479097532694,0.06315619756919133,0.9999999999999998,0.999999999378837,0.999999999378837,0.0,4.3648596093071035e-06,4.3648596093071035e-06,0.0,0.00274766399155979
camels_11522500,0.7820860113538779,0.7910514950458556,0.03027229425147871,0.054752527821136536,0.0014514530164474889,0.033762167723618945,0.7820860113538779,0.7910514950458556,0.03027229425147871,0.054752527821136536,0.0014514530164474889,0.033762167723618945,0.7820916019694978,0.7910785539757053,0.03027229425147871,0.054752527821136536,0.0014514530164474889,0.033762167723618945,1.0,0.9999999991339433,0.9999999991339433,0.0,3.4587424235121844e-05,3.4587424235121844e-05,0.0,0.0013569876607459896
camels_11523200,0.8503780346972776,0.8585244071671496,0.03752892979743756,0.06456506353846428,0.001483098222566183,0.03919470672916931,0.8503780346972776,0.8585244071671496,0.03752892979743756,0.06456506353846428,0.001483098222566183,0.03919470672916931,0.8503777317218522,0.8585406145800382,0.03752892979743756,0.06456506353846428,0.001483098222566183,0.03919470672916931,0.9999999999999999,0.9999999997894169,0.9999999997894169,0.0,2.1759150342193223e-05,2.1759150342193223e-05,0.0,0.0007766480080029226
camels_11528700,0.7497154700727131,0.6949321385964116,0.03845873246570146,0.11060890367983804,0.001988819839988229,0.08002483220903192,0.7497154700727131,0.6949321385964116,0.03845873246570146,0.11060890367983804,0.001988819839988229,0.08002483220903192,0.7497220804619853,0.6949595555144409,0.03845873246570146,0.11060890367983804,0.001988819839988229,0.08002483220903192,1.0,0.9999999991089354,0.9999999991089354,0.0,0.0,0.0,0.0,0.001233031351762115
camels_11532500,0.8640263235498334,0.926338400019813,0.0231486941447848,0.023067063492161748,0.0012442982462792078,0.009956095233166677,0.8640263235498334,0.926338400019813,0.0231486941447848,0.023067063492161748,0.0012442982462792078,0.009956095233166677,0.8640308020381442,0.92635522695939,0.0231486941447848,0.023067063492161748,0.0012442982462792078,0.009956095233166677,1.0,0.9999999982055616,0.9999999982055616,0.0,5.967083692404174e-05,5.967083692404174e-05,0.0,0.011645069379198958
camels_12010000,0.8275873276663275,0.9040662171072231,0.022847178306347457,0.008815136304008066,0.0011058482146891814,0.002799580788757448,0.8275873276663275,0.9040662171072231,0.022847178306347457,0.008815136304008066,0.0011058482146891814,0.002799580788757448,0.8275904218936015,0.9040541446319768,0.022847178306347457,0.008815136304008066,0.0011058482146891814,0.002799580788757448,1.0,0.999999999083827,0.999999999083827,0.0,0.00011717520066767406,0.00011717520066767406,0.0,0.012309537806459048
camels_12013500,0.8806461797197987,0.9367589673188874,0.024672597997328814,0.02729488860279261,0.0013833035561907848,0.017871491468944123,0.8806461797197987,0.9367589673188874,0.024672597997328814,0.02729488860279261,0.0013833035561907848,0.017871491468944123,0.880649011484275,0.9367723745072153,0.024672597997328814,0.02729488860279261,0.0013833035561907848,0.017871491468944123,1.0,0.9999999990402713,0.9999999990402713,0.0,7.121714704139137e-05,7.121714704139137e-05,0.0,0.010588143984563203
camels_12020000,0.8761057531296589,0.9310356761348034,0.026012179237350247,0.027614391938184386,0.0013477503890681702,0.017790831126741173,0.8761057531296589,0.9310356761348034,0.026012179237350247,0.027614391938184386,0.0013477503890681702,0.017790831126741173,0.8761040566299706,0.9310359408722847,0.026012179237350247,0.027614391938184386,0.0013477503890681702,0.017790831126741173,0.9999999999999999,0.9999999990150122,0.9999999990150122,0.0,1.650111099671392e-05,1.650111099671392e-05,0.0,0.007889003492792312
camels_12025700,0.8820950679788288,0.9263177601202256,0.023593201550218688,0.010205776841355143,0.0011123823103991774,0.002959618752191323,0.8820950679788288,0.9263177601202256,0.023593201550218688,0.010205776841355143,0.0011123823103991774,0.002959618752191323,0.8820910085858886,0.9263114160223339,0.023593201550218688,0.010205776841355143,0.0011123823103991774,0.002959618752191323,1.0,0.9999999988954399,0.9999999988954399,0.0,3.0106679808739045e-05,3.0106679808739045e-05,0.0,0.009974517102477876
camels_12035000,0.8143335375252391,0.9036500246528965,0.01971829745155319,0.004093614408017172,0.000977831438153559,0.0002958278506087483,0.8143335375252391,0.9036500246528965,0.01971829745155319,0.004093614408017172,0.000977831438153559,0.0002958278506087483,0.8143386255575753,0.903660056080227,0.01971829745155319,0.004093614408017172,0.000977831438153559,0.0002958278506087483,0.9999999999999998,0.9999999988244055,0.9999999988244055,0.0,2.6028515152987097e-05,2.6028515152987097e-05,0.0,0.006627952574739027
camels_12040500,0.771719961988785,0.8603989903713658,0.024718730299758136,0.0020397054254404187,0.0009161762726959785,7.653297444627929e-05,0.771719961988785,0.8603989903713658,0.024718730299758136,0.0020397054254404187,0.0009161762726959785,7.653297444627929e-05,0.7717247359502488,0.860421412020667,0.024718730299758136,0.0020397054254404187,0.0009161762726959785,7.653297444627929e-05,1.0,0.9999999985489539,0.9999999985489539,0.0,0.00014444534395430253,0.00014444534395430253,0.0,0.015373536186956471
camels_12041200,0.7910962818446277,0.8929033463343068,0.025143213639636553,0.0007030184805755925,0.0008112545429330327,3.6758709789591918e-06,0.7910962818446277,0.8929033463343068,0.025143213639636553,0.0007030184805755925,0.0008112545429330327,3.6758709789591918e-06,0.7910934438538941,0.8929087079495714,0.025143213639636553,0.0007030184805755925,0.0008112545429330327,3.6758709789591918e-06,1.0,0.9999999990192797,0.9999999990192797,0.0,0.0001355010372723342,0.0001355010372723342,0.0,0.005646879888800527
camels_12048000,0.7387540095580296,0.7857224635504244,0.031709596738370385,0.0060447975297970415,0.0009016719962230319,0.00025034768707128376,0.7387540095580296,0.7857224635504244,0.031709596738370385,0.0060447975297970415,0.0009016719962230319,0.00025034768707128376,0.7387592101641187,0.7857359058216125,0.031709596738370385,0.0060447975297970415,0.0009016719962230319,0.00025034768707128376,1.0,0.9999999995454423,0.9999999995454423,0.0,3.557820348287777e-05,3.557820348287777e-05,0.0,0.0006006898845800634
camels_12054000,0.6749881355791522,0.7462481222965788,0.026371165463213504,0.002746098907192145,0.0008739607087497053,0.00013874153215551473,0.6749881355791522,0.7462481222965788,0.026371165463213504,0.002746098907192145,0.0008739607087497053,0.00013874153215551473,0.6749940524676714,0.746263254393617,0.026371165463213504,0.002746098907192145,0.0008739607087497053,0.00013874153215551473,0.9999999999999999,0.9999999991834505,0.9999999991834505,0.0,0.00010057273293284652,0.00010057273293284652,0.0,0.005827738474948774
camels_12056500,0.6578624286094582,0.7670372678150564,0.025529650984139278,0.0020305320167154617,0.0008496542973160502,8.747197430709312e-05,0.6578624286094582,0.7670372678150564,0.025529650984139278,0.0020305320167154617,0.0008496542973160502,8.747197430709312e-05,0.6578781264066634,0.7670578820965943,0.025529650984139278,0.0020305320167154617,0.0008496542973160502,8.747197430709312e-05,0.9999999999999999,0.9999999990238493,0.9999999990238493,0.0,9.917476625176391e-05,9.917476625176391e-05,0.0,0.015577658645128167
camels_12073500,0.6430042047088752,0.7515872774092985,0.018424124843450396,0.014235547976851705,0.001317069158109158,0.0026155519195309035,0.6430042047088752,0.7515872774092985,0.018424124843450396,0.014235547976851705,0.001317069158109158,0.0026155519195309035,0.6430033658176066,0.7515819191469766,0.018424124843450396,0.014235547976851705,0.001317069158109158,0.0026155519195309035,0.9999999999999999,0.9999999988759889,0.9999999988759889,0.0,1.3129504618625276e-05,1.3129504618625276e-05,0.0,0.0013182368656003973
camels_12082500,0.8047808416301897,0.8828406425113602,0.025158122683635348,0.0010624243811709886,0.0007829597707210642,3.4804433739118838e-06,0.8047808416301897,0.8828406425113602,0.025158122683635348,0.0010624243811709886,0.0007829597707210642,3.4804433739118838e-06,0.8047778808745741,0.8828476271519973,0.025158122683635348,0.0010624243811709886,0.0007829597707210642,3.4804433739118838e-06,1.0,0.9999999994455675,0.9999999994455675,0.0,3.8759113458297634e-05,3.8759113458297634e-05,0.0,0.0029541379032984594
camels_12092000,0.7064743376303877,0.7945153584691484,0.027140168969577997,0.0010936223711009924,0.0007823449602958881,3.4171671126770802e-06,0.7064743376303877,0.7945153584691484,0.027140168969577997,0.0010936223711009924,0.0007823449602958881,3.4171671126770802e-06,0.7064744514598886,0.794524403595822,0.027140168969577997,0.0010936223711009924,0.0007823449602958881,3.4171671126770802e-06,1.0,0.999999999451511,0.999999999451511,0.0,3.0404260360938906e-05,3.0404260360938906e-05,0.0,0.0029987265160755783
camels_12114500,0.9142693408265571,0.9476966892471842,0.02532186450145791,0.0037222025602390994,0.0009039604639668494,0.0003015594840291548,0.9142693408265571,0.9476966892471842,0.02532186450145791,0.0037222025602390994,0.0009039604639668494,0.0003015594840291548,0.9142689587823573,0.9476930923317265,0.02532186450145791,0.0037222025602390994,0.0009039604639668494,0.0003015594840291548,1.0,0.9999999990336428,0.9999999990336428,0.0,7.289361715567821e-05,7.289361715567821e-05,0.0,0.00790073569322658
camels_12115000,0.9010869040703136,0.917932080176279,0.025064873840455835,0.0037315586275793234,0.0009097573723319094,0.0003269903558262947,0.9010869040703136,0.917932080176279,0.025064873840455835,0.0037315586275793234,0.0009097573723319094,0.0003269903558262947,0.9010851930259776,0.9179274659465751,0.025064873840455835,0.0037315586275793234,0.0009097573723319094,0.0003269903558262947,1.0,0.9999999986122324,0.9999999986122324,0.0,9.044327348783909e-05,9.044327348783909e-05,0.0,0.008306383167095532
camels_12115500,0.8706754287986173,0.8920286279819862,0.027770760480095358,0.006523411559284821,0.0010098925831351754,0.001733148944305358,0.8706754287986173,0.8920286279819862,0.027770760480095358,0.006523411559284821,0.0010098925831351754,0.001733148944305358,0.8706680772838673,0.8920129530615297,0.027770760480095358,0.006523411559284821,0.0010098925831351754,0.001733148944305358,1.0,0.9999999988659031,0.9999999988659031,0.0,9.830983341707622e-05,9.830983341707622e-05,0.0,0.012004438960161679
camels_12117000,0.7913807895942674,0.7764964136099395,0.019951892914684983,0.0016900366266649103,0.0008670060436333895,2.5095633074308748e-05,0.7913807895942674,0.7764964136099395,0.019951892914684983,0.0016900366266649103,0.0008670060436333895,2.5095633074308748e-05,0.7914069954335798,0.7765301747778173,0.019951892914684983,0.0016900366266649103,0.0008670060436333895,2.5095633074308748e-05,1.0,0.9999999991077271,0.9999999991077271,0.0,0.00011593524680986178,0.00011593524680986178,0.0,0.007274068524480981
camels_12145500,0.6976500269959143,0.7640267195389561,0.026300312297581174,0.02090009956282486,0.0013790210410499185,0.012964697832026298,0.6976500269959143,0.7640267195389561,0.026300312297581174,0.02090009956282486,0.0013790210410499185,0.012964697832026298,0.6976585403270579,0.7640446374190624,0.026300312297581174,0.02090009956282486,0.0013790210410499185,0.012964697832026298,1.0,0.9999999993087516,0.9999999993087516,0.0,6.495229768432864e-05,6.495229768432864e-05,0.0,0.005072282430091946
camels_12147500,0.8215354640671055,0.9041229951596228,0.02601623225647344,0.0012951738210527214,0.0008797376320279878,1.9575336959371702e-05,0.8215354640671055,0.9041229951596228,0.02601623225647344,0.0012951738210527214,0.0008797376320279878,1.9575336959371702e-05,0.8215281384945732,0.9041217598716002,0.02601623225647344,0.0012951738210527214,0.0008797376320279878,1.9575336959371702e-05,1.0,0.999999999163675,0.999999999163675,0.0,0.0001325325452867787,0.0001325325452867787,0.0,0.01160851284461728
camels_12147600,0.721264346076949,0.7215299033101972,0.03422407958860572,0.0036494696116108924,0.000999719714538079,0.00035156369451093384,0.721264346076949,0.7215299033101972,0.03422407958860572,0.0036494696116108924,0.000999719714538079,0.00035156369451093384,0.7212540955533835,0.7215116731416775,0.03422407958860572,0.0036494696116108924,0.000999719714538079,0.00035156369451093384,1.0,0.9999999977120184,0.9999999977120184,0.0,0.00014896184786117317,0.00014896184786117317,0.0,0.019716027498532185
camels_12167000,0.7534978594943461,0.8558906085790741,0.024855282533966745,0.0025520506543513484,0.0009383251048004893,0.00011660573630013765,0.7534978594943461,0.8558906085790741,0.024855282533966745,0.0025520506543513484,0.0009383251048004893,0.00011660573630013765,0.7534884717238194,0.8558970992629866,0.024855282533966745,0.0025520506543513484,0.0009383251048004893,0.00011660573630013765,1.0,0.999999999209006,0.999999999209006,0.0,3.4503577146960396e-05,3.4503577146960396e-05,0.0,0.00816536438534854
camels_12175500,0.8740642154596938,0.9262832462005898,0.04100357543140589,0.0027234494807028627,0.0007376226281055814,6.2492574068281275e-06,0.8740642154596938,0.9262832462005898,0.04100357543140589,0.0027234494807028627,0.0007376226281055814,6.2492574068281275e-06,0.8740633545605971,0.9262874494554895,0.04100357543140589,0.0027234494807028627,0.0007376226281055814,6.2492574068281275e-06,1.0,0.9999999998205914,0.9999999998205914,0.0,2.760305978499744e-05,2.760305978499744e-05,0.0,0.001616908826731489
camels_12178100,0.8243753353267322,0.9010421821302821,0.03271583843424644,0.001908961851263143,0.0008039014334610945,9.567231604825652e-06,0.8243753353267322,0.9010421821302821,0.03271583843424644,0.001908961851263143,0.0008039014334610945,9.567231604825652e-06,0.8243738652327386,0.901046492606696,0.03271583843424644,0.001908961851263143,0.0008039014334610945,9.567231604825652e-06,1.0,0.9999999997410685,0.9999999997410685,0.0,3.1111428327790236e-05,3.1111428327790236e-05,0.0,0.001627238217985827
camels_12186000,0.790830935048767,0.8534358913158968,0.028155547368357195,0.001395171239941889,0.000788031219227077,9.327887748245294e-06,0.790830935048767,0.8534358913158968,0.028155547368357195,0.001395171239941889,0.000788031219227077,9.327887748245294e-06,0.7908318818862381,0.853445902931452,0.028155547368357195,0.001395171239941889,0.000788031219227077,9.327887748245294e-06,1.0,0.999999999454093,0.999999999454093,0.0,4.668447846611912e-05,4.668447846611912e-05,0.0,0.005990097956868112
camels_12189500,0.7662491530878136,0.8184333189763362,0.027744156642085883,0.0012824825776276193,0.000789538829853762,5.599022720152659e-06,0.7662491530878136,0.8184333189763362,0.027744156642085883,0.0012824825776276193,0.000789538829853762,5.599022720152659e-06,0.7662513969240667,0.8184409526770602,0.027744156642085883,0.0012824825776276193,0.000789538829853762,5.599022720152659e-06,1.0,0.9999999997281855,0.9999999997281855,0.0,3.386610629618758e-05,3.386610629618758e-05,0.0,0.0015049499609887107
camels_12358500,0.971997446781161,0.9626269661776162,0.0706063137093132,0.023656672541558378,0.000872578860296439,0.0016762996058435034,0.971997446781161,0.9626269661776162,0.0706063137093132,0.023656672541558378,0.000872578860296439,0.0016762996058435034,0.9719989162789912,0.962656113448131,0.0706063137093132,0.023656672541558378,0.000872578860296439,0.0016762996058435034,1.0,0.9999999992724302,0.9999999992724302,0.0,2.8569924206856e-05,2.8569924206856e-05,0.0,0.002254468970416923
camels_12390700,0.9588016783997906,0.8670347579306077,0.0650036933697745,0.05312029778594661,0.0012026188097909304,0.01843965774133771,0.9588016783997906,0.8670347579306077,0.0650036933697745,0.05312029778594661,0.0012026188097909304,0.01843965774133771,0.9588044381659009,0.8670543093803018,0.0650036933697745,0.05312029778594661,0.0012026188097909304,0.01843965774133771,1.0,0.9999999997107399,0.9999999997107399,0.0,0.0,0.0,0.0,0.0006651596860529629
camels_12411000,0.9549728057413824,0.9315622735586975,0.050834092455509954,0.04250148053585153,0.001265593813108866,0.020075700152476467,0.9549728057413824,0.9315622735586975,0.050834092455509954,0.04250148053585153,0.001265593813108866,0.020075700152476467,0.9549737501266414,0.9315836290952435,0.050834092455509954,0.04250148053585153,0.001265593813108866,0.020075700152476467,0.9999999999999999,0.9999999995857346,0.9999999995857346,0.0,1.0665745485027855e-05,1.0665745485027855e-05,0.0,0.0014915528381886922
camels_12414500,0.9657091186898867,0.9292066834296624,0.050648063675143414,0.027783832201851308,0.0011022596281875703,0.00831874534034342,0.9657091186898867,0.9292066834296624,0.050648063675143414,0.027783832201851308,0.0011022596281875703,0.00831874534034342,0.9657109965418934,0.9292417694431827,0.050648063675143414,0.027783832201851308,0.0011022596281875703,0.00831874534034342,1.0,0.9999999993812958,0.9999999993812958,0.0,4.119720804229843e-05,4.119720804229843e-05,0.0,0.0016404810546077897
camels_12447390,0.9684592684818488,0.8936142595214609,0.08793976882408405,0.05118242074219741,0.0010234045934000074,0.011236728954508628,0.9684592684818488,0.8936142595214609,0.08793976882408405,0.05118242074219741,0.0010234045934000074,0.011236728954508628,0.9684597780278867,0.8936363769853094,0.08793976882408405,0.05118242074219741,0.0010234045934000074,0.011236728954508628,1.0,0.9999999997611355,0.9999999997611355,0.0,0.0,0.0,0.0,0.0008945189823665878
camels_12451000,0.9430223685824852,0.9584739551906549,0.045866934136009604,0.006277776683319897,0.0007786644399770617,6.161594336463279e-05,0.9430223685824852,0.9584739551906549,0.045866934136009604,0.006277776683319897,0.0007786644399770617,6.161594336463279e-05,0.9430204682434481,0.9584797841257244,0.045866934136009604,0.006277776683319897,0.0007786644399770617,6.161594336463279e-05,1.0,0.9999999995316454,0.9999999995316454,0.0,3.838434531200363e-05,3.838434531200363e-05,0.0,0.0020780320065272306
camels_12488500,0.954841766087607,0.933198655531196,0.03822370765175345,0.009777059613086631,0.0009021138685470179,0.000981827730097587,0.954841766087607,0.933198655531196,0.03822370765175345,0.009777059613086631,0.0009021138685470179,0.000981827730097587,0.9548440366252772,0.9332161617027034,0.03822370765175345,0.009777059613086631,0.0009021138685470179,0.000981827730097587,1.0,0.9999999997699996,0.9999999997699996,0.0,2.6262942617538698e-05,2.6262942617538698e-05,0.0,0.0008981428370891109
camels_13011500,0.9650083321087966,0.8859691435232224,0.09880042395291899,0.06434392097271964,0.0010548813952393754,0.015637454251488613,0.9650083321087966,0.8859691435232224,0.09880042395291899,0.06434392097271964,0.0010548813952393754,0.015637454251488613,0.965007701691518,0.8859893671460752,0.09880042395291899,0.06434392097271964,0.0010548813952393754,0.015637454251488613,1.0,0.9999999997037398,0.9999999997037398,0.0,0.0,0.0,0.0,0.0010493957541601873
camels_13011900,0.9757726945690774,0.926535727415323,0.09569236492288524,0.03261358056058748,0.0008013043152149502,0.0010355125818001087,0.9757726945690774,0.926535727415323,0.09569236492288524,0.03261358056058748,0.0008013043152149502,0.0010355125818001087,0.9757741225593084,0.9265639845290211,0.09569236492288524,0.03261358056058748,0.0008013043152149502,0.0010355125818001087,1.0,0.9999999997691167,0.9999999997691167,0.0,2.4692736814602156e-05,2.4692736814602156e-05,0.0,0.0005508771317472849
camels_13018300,0.9817969146057961,0.9139840073434433,0.08380286504966009,0.03809751003799284,0.0008820543908202382,0.002044327747507463,0.9817969146057961,0.9139840073434433,0.08380286504966009,0.03809751003799284,0.0008820543908202382,0.002044327747507463,0.9817980285497131,0.9140066343491222,0.08380286504966009,0.03809751003799284,0.0008820543908202382,0.002044327747507463,1.0,0.9999999994665216,0.9999999994665216,0.0,1.254362249203389e-05,1.254362249203389e-05,0.0,0.0007701068035113057
camels_13023000,0.9764308003204697,0.908754211303546,0.08021498596934228,0.030684558953523153,0.0008349610753281847,0.0011076228855589581,0.9764308003204697,0.908754211303546,0.08021498596934228,0.030684558953523153,0.0008349610753281847,0.0011076228855589581,0.9764342361279152,0.9087801382965669,0.08021498596934228,0.030684558953523153,0.0008349610753281847,0.0011076228855589581,0.9999999999999999,0.9999999996535273,0.9999999996535273,0.0,1.878241288388871e-05,1.878241288388871e-05,0.0,0.00044522790248002764
camels_13083000,-3.0953571339928967,-0.17972102206284313,0.09190673518616094,0.11341871838057017,0.0023190331507406178,0.06678702952170226,-3.0953571339928967,-0.17972102206284313,0.09190673518616094,0.11341871838057017,0.0023190331507406178,0.06678702952170226,-3.0953531562042578,-0.1797304840607512,0.09190673518616094,0.11341871838057017,0.0023190331507406178,0.06678702952170226,1.0,0.9999999970142462,0.9999999970142462,0.0,0.0,0.0,0.0,9.509532248008767e-05
camels_13161500,0.0782855957658658,-0.54548942550979,0.10847309414320011,0.15046025521856776,0.0025917876322902964,0.10023907396420988,0.0782855957658658,-0.54548942550979,0.10847309414320011,0.15046025521856776,0.0025917876322902964,0.10023907396420988,0.07828531257235039,-0.5454838998982636,0.10847309414320011,0.15046025521856776,0.0025917876322902964,0.10023907396420988,1.0,0.99999999971813,0.99999999971813,0.0,0.0,0.0,0.0,0.00022879084754423573
camels_13235000,0.9696847647729253,0.8969205925798713,0.06007181210160013,0.017063851385522806,0.0008437184484686862,0.0006530588345401911,0.9696847647729253,0.8969205925798713,0.06007181210160013,0.017063851385522806,0.0008437184484686862,0.0006530588345401911,0.9696907532294836,0.8969613452274925,0.06007181210160013,0.017063851385522806,0.0008437184484686862,0.0006530588345401911,1.0,0.9999999996239651,0.9999999996239651,0.0,3.680400989591881e-05,3.680400989591881e-05,0.0,0.00068727680771552
camels_13240000,0.9354357940877875,0.9472762854028656,0.06838778637002013,0.043407630533524026,0.0011054691871813297,0.016942304723403034,0.9354357940877875,0.9472762854028656,0.06838778637002013,0.043407630533524026,0.0011054691871813297,0.016942304723403034,0.9354349739781924,0.9472843528637134,0.06838778637002013,0.043407630533524026,0.0011054691871813297,0.016942304723403034,0.9999999999999998,0.9999999997570342,0.9999999997570342,0.0,1.0183991742129805e-05,1.0183991742129805e-05,0.0,0.0014555116026482295
camels_13313000,0.9660568755378881,0.8916393351039368,0.07434269438892542,0.04063269903403508,0.0010015309945081358,0.007703876688804395,0.9660568755378881,0.8916393351039368,0.07434269438892542,0.04063269903403508,0.0010015309945081358,0.007703876688804395,0.9660576871358288,0.891660104925978,0.07434269438892542,0.04063269903403508,0.0010015309945081358,0.007703876688804395,1.0,0.9999999996145823,0.9999999996145823,0.0,9.68294649883461e-06,9.68294649883461e-06,0.0,0.0015374122283788871
camels_13331500,0.966564341562599,0.9146026454832558,0.061593796612041236,0.04002552148536543,0.001097250951956542,0.01473558244066838,0.966564341562599,0.9146026454832558,0.061593796612041236,0.04002552148536543,0.001097250951956542,0.01473558244066838,0.966567687085768,0.9146407564623281,0.061593796612041236,0.04002552148536543,0.001097250951956542,0.01473558244066838,1.0,0.9999999994945663,0.9999999994945663,0.0,1.7405393751834808e-05,1.7405393751834808e-05,0.0,0.0011908152935218297
camels_13337000,0.9706794815794954,0.9327545680141818,0.055465588366525896,0.029843068461389136,0.0010886097051067236,0.011370387667332895,0.9706794815794954,0.9327545680141818,0.055465588366525896,0.029843068461389136,0.0010886097051067236,0.011370387667332895,0.9706804075646275,0.9327719809833332,0.055465588366525896,0.029843068461389136,0.0010886097051067236,0.011370387667332895,1.0,0.9999999998143956,0.9999999998143956,0.0,9.3250551587154e-06,9.3250551587154e-06,0.0,0.0008765869393148051
camels_13338500,0.9394240869448907,0.7773544423432962,0.07074219895182952,0.0804115806099851,0.0015588321018412438,0.046532145378313974,0.9394240869448907,0.7773544423432962,0.07074219895182952,0.0804115806099851,0.0015588321018412438,0.046532145378313974,0.9394257567196921,0.7773727823163655,0.07074219895182952,0.0804115806099851,0.0015588321018412438,0.046532145378313974,1.0,0.9999999994818869,0.9999999994818869,0.0,0.0,0.0,0.0,0.0003838013271524332
camels_13340000,0.9707443268605338,0.8989220207381572,0.05930139104444647,0.04699313490676106,0.0012694671478039354,0.023830727196126632,0.9707443268605338,0.8989220207381572,0.05930139104444647,0.04699313490676106,0.0012694671478039354,0.023830727196126632,0.9707466432684008,0.8989435853520658,0.05930139104444647,0.04699313490676106,0.0012694671478039354,0.023830727196126632,1.0,0.9999999996745018,0.9999999996745018,0.0,1.2147583328125933e-05,1.2147583328125933e-05,0.0,0.0009631199624431375
camels_13340600,0.9677265853396096,0.930344451824332,0.04465595732837855,0.013864376191918796,0.0009790876453353232,0.0018020247349149073,0.9677265853396096,0.930344451824332,0.04465595732837855,0.013864376191918796,0.0009790876453353232,0.0018020247349149073,0.967728219230559,0.9303684342732851,0.04465595732837855,0.013864376191918796,0.0009790876453353232,0.0018020247349149073,1.0,0.9999999996740886,0.9999999996740886,0.0,2.4234780215071083e-05,2.4234780215071083e-05,0.0,0.0009386899033714258
camels_14020000,0.9076973615851213,0.9270656919225071,0.04066719457537359,0.03849235519192523,0.0014830593163294918,0.022776351448972134,0.9076973615851213,0.9270656919225071,0.04066719457537359,0.03849235519192523,0.0014830593163294918,0.022776351448972134,0.9076976716853737,0.9270834049621365,0.04066719457537359,0.03849235519192523,0.0014830593163294918,0.022776351448972134,0.9999999999999998,0.999999999331471,0.999999999331471,0.0,1.369639072823503e-05,1.369639072823503e-05,0.0,0.0012898862789914034
camels_14137000,0.8682960606017551,0.9226649725662406,0.023294578846279553,0.0025178621071589163,0.0008739770305084167,4.9419658783725016e-05,0.8682960606017551,0.9226649725662406,0.023294578846279553,0.0025178621071589163,0.0008739770305084167,4.9419658783725016e-05,0.8682927233178435,0.9226719384950299,0.023294578846279553,0.0025178621071589163,0.0008739770305084167,4.9419658783725016e-05,1.0,0.999999999159097,0.999999999159097,0.0,6.989582002780992e-05,6.989582002780992e-05,0.0,0.003915778089321975
camels_14138800,0.8077396509458316,0.8723842817078,0.033026178371591934,0.023384095398939646,0.0012426075780609318,0.014566456715427112,0.8077396509458316,0.8723842817078,0.033026178371591934,0.023384095398939646,0.0012426075780609318,0.014566456715427112,0.8077269700980246,0.8723711696236525,0.033026178371591934,0.023384095398939646,0.0012426075780609318,0.014566456715427112,1.0,0.9999999981924117,0.9999999981924117,0.0,4.000022891492705e-05,4.000022891492705e-05,0.0,0.012920445229188005
camels_14138870,0.7660760172753871,0.8517592506426971,0.027730544053516812,0.00996415407130491,0.0010815200167301944,0.003545849898765827,0.7660760172753871,0.8517592506426971,0.027730544053516812,0.00996415407130491,0.0010815200167301944,0.003545849898765827,0.7660806558347262,0.851777450045844,0.027730544053516812,0.00996415407130491,0.0010815200167301944,0.003545849898765827,1.0,0.9999999985915143,0.9999999985915143,0.0,0.0001513985183443367,0.0001513985183443367,0.0,0.009760952294996628
camels_14138900,0.7755908539192593,0.8669142523840518,0.026700106885805576,0.0016549937381705696,0.0008787576615447688,2.6479700455559195e-05,0.7755908539192593,0.8669142523840518,0.026700106885805576,0.0016549937381705696,0.0008787576615447688,2.6479700455559195e-05,0.7755882634685799,0.8669015072409475,0.026700106885805576,0.0016549937381705696,0.0008787576615447688,2.6479700455559195e-05,1.0,0.9999999983390773,0.9999999983390773,0.0,3.557345726434846e-05,3.557345726434846e-05,0.0,0.01382038604964464
camels_14139800,0.8259837656103172,0.9054360493321045,0.025896053430274825,0.004953260499130156,0.0009786011360238096,0.0006703638885374243,0.8259837656103172,0.9054360493321045,0.025896053430274825,0.004953260499130156,0.0009786011360238096,0.0006703638885374243,0.8259816534810618,0.9054261851859284,0.025896053430274825,0.004953260499130156,0.0009786011360238096,0.0006703638885374243,0.9999999999999998,0.9999999978414422,0.9999999978414422,0.0,0.00013347176385813952,0.00013347176385813952,0.0,0.01923401582262585
camels_14141500,0.7467584066007914,0.8274168174120589,0.025429619640172374,0.0072167402348702146,0.001054860128592284,0.001477482933059909,0.7467584066007914,0.8274168174120589,0.025429619640172374,0.0072167402348702146,0.001054860128592284,0.001477482933059909,0.7467627063758838,0.8274337882120086,0.025429619640172374,0.0072167402348702146,0.001054860128592284,0.001477482933059909,1.0,0.9999999985810545,0.9999999985810545,0.0,0.0001149515798299916,0.0001149515798299916,0.0,0.008299978872619462
camels_14154500,0.8536415894080694,0.8627820000411972,0.033841467774180324,0.060492997237199704,0.0016615584220654098,0.0456859828492449,0.8536415894080694,0.8627820000411972,0.033841467774180324,0.060492997237199704,0.0016615584220654098,0.0456859828492449,0.8536400872279969,0.8628071189374875,0.033841467774180324,0.060492997237199704,0.0016615584220654098,0.0456859828492449,0.9999999999999998,0.9999999990265326,0.9999999990265326,0.0,1.4140056141531687e-05,1.4140056141531687e-05,0.0,0.0031114610027831446
camels_14158500,0.9460611775153749,0.9619919766504995,0.019065678579086705,0.0012319754877148487,0.0007331242305028269,5.231370193539962e-06,0.9460611775153749,0.9619919766504995,0.019065678579086705,0.0012319754877148487,0.0007331242305028269,5.231370193539962e-06,0.9460677426813393,0.9620086783767049,0.019065678579086705,0.0012319754877148487,0.0007331242305028269,5.231370193539962e-06,1.0,0.9999999992637262,0.9999999992637262,0.0,7.779834146948161e-05,7.779834146948161e-05,0.0,0.0013442357552442274
camels_14158790,0.8810277464877478,0.8973714890054854,0.030461109772657043,0.0317715139950023,0.0012554769825500118,0.020940018087081444,0.8810277464877478,0.8973714890054854,0.030461109772657043,0.0317715139950023,0.0012554769825500118,0.020940018087081444,0.8810234988481451,0.8973666983300841,0.030461109772657043,0.0317715139950023,0.0012554769825500118,0.020940018087081444,1.0,0.9999999993053864,0.9999999993053864,0.0,5.62123354717059e-05,5.62123354717059e-05,0.0,0.0034994708315423395
camels_14166500,0.9064068520788504,0.9166394840315742,0.026991647252204695,0.057402228922195896,0.0016861989822155564,0.040780091817673995,0.9064068520788504,0.9166394840315742,0.026991647252204695,0.057402228922195896,0.0016861989822155564,0.040780091817673995,0.9064085592047733,0.9166518114162234,0.026991647252204695,0.057402228922195896,0.0016861989822155564,0.040780091817673995,1.0,0.9999999992821444,0.9999999992821444,0.0,1.731693033768522e-05,1.731693033768522e-05,0.0,0.003072966278969247
camels_14182500,0.8366317411813898,0.9112306128651457,0.027649667828851976,0.0236111685422081,0.0012256728224531875,0.014716219176627077,0.8366317411813898,0.9112306128651457,0.027649667828851976,0.0236111685422081,0.0012256728224531875,0.014716219176627077,0.8366276328676086,0.9112448371452989,0.027649667828851976,0.0236111685422081,0.0012256728224531875,0.014716219176627077,1.0,0.9999999984135846,0.9999999984135846,0.0,0.00011059976167437924,0.00011059976167437924,0.0,0.00919857148319636
camels_14185000,0.8857337369347473,0.8938040628218987,0.027369325494669514,0.029652706556339534,0.0012799022647478518,0.018999698631178293,0.8857337369347473,0.8938040628218987,0.027369325494669514,0.029652706556339534,0.0012799022647478518,0.018999698631178293,0.8857317940644189,0.8938306885339028,0.027369325494669514,0.029652706556339534,0.0012799022647478518,0.018999698631178293,1.0,0.9999999988306133,0.9999999988306133,0.0,6.517881706535888e-05,6.517881706535888e-05,0.0,0.004655021739235821
camels_14185900,0.8405269049326158,0.9003488505196829,0.02927978159689758,0.027416037352525197,0.0012771713080802747,0.017576903213593828,0.8405269049326158,0.9003488505196829,0.02927978159689758,0.027416037352525197,0.0012771713080802747,0.017576903213593828,0.8405242788275431,0.9003647563599356,0.02927978159689758,0.027416037352525197,0.0012771713080802747,0.017576903213593828,0.9999999999999998,0.9999999988598198,0.9999999988598198,0.0,9.627616078278223e-05,9.627616078278223e-05,0.0,0.007567877324476058
camels_14222500,0.7818938906305484,0.7068553646843623,0.022798149387444733,0.014940429942844847,0.0011526744699381429,0.006841215787504556,0.7818938906305484,0.7068553646843623,0.022798149387444733,0.014940429942844847,0.0011526744699381429,0.006841215787504556,0.7819213482933698,0.7068882811819472,0.022798149387444733,0.014940429942844847,0.0011526744699381429,0.006841215787504556,1.0,0.9999999988131881,0.9999999988131881,0.0,2.6818534132999616e-05,2.6818534132999616e-05,0.0,0.010456362673295416
camels_14236200,0.8732212607610759,0.915483512218347,0.023436451538581152,0.009594759834707388,0.0010879876889273313,0.003325954170304428,0.8732212607610759,0.915483512218347,0.023436451538581152,0.009594759834707388,0.0010879876889273313,0.003325954170304428,0.8732281059626147,0.9155118525544199,0.023436451538581152,0.009594759834707388,0.0010879876889273313,0.003325954170304428,1.0,0.9999999986518388,0.9999999986518388,0.0,0.00010322806245088856,0.00010322806245088856,0.0,0.015563020661630844
camels_14301000,0.9277423985638338,0.9489001084864827,0.026711383842793247,0.043195604552603635,0.0015072149872538043,0.03207202160817856,0.9277423985638338,0.9489001084864827,0.026711383842793247,0.043195604552603635,0.0015072149872538043,0.03207202160817856,0.9277432061629576,0.9489220385270101,0.026711383842793247,0.043195604552603635,0.0015072149872538043,0.03207202160817856,1.0,0.9999999992132721,0.9999999992132721,0.0,5.8980864251712006e-05,5.8980864251712006e-05,0.0,0.005099331749228497
camels_14305500,0.8571148229919165,0.8524104072252481,0.023020090873052818,0.015006088581820289,0.0011515331558475145,0.006806583385196709,0.8571148229919165,0.8524104072252481,0.023020090873052818,0.015006088581820289,0.0011515331558475145,0.006806583385196709,0.857112197984667,0.8523946820344461,0.023020090873052818,0.015006088581820289,0.0011515331558475145,0.006806583385196709,0.9999999999999998,0.9999999986230862,0.9999999986230862,0.0,7.81707654957664e-05,7.81707654957664e-05,0.0,0.014887053454742727
camels_14306500,0.924533953912832,0.958503897883053,0.02325669998571307,0.0324323944339404,0.0013720032409528689,0.01981135710741395,0.924533953912832,0.958503897883053,0.02325669998571307,0.0324323944339404,0.0013720032409528689,0.01981135710741395,0.92453524428123,0.9585155199249968,0.02325669998571307,0.0324323944339404,0.0013720032409528689,0.01981135710741395,0.9999999999999999,0.999999999163883,0.999999999163883,0.0,3.702211158795876e-05,3.702211158795876e-05,0.0,0.005081695392878061
camels_14309500,0.8295319938708933,0.8784807772197224,0.036205377636768274,0.08537801777373463,0.0018962004363657736,0.06477759401890133,0.8295319938708933,0.8784807772197224,0.036205377636768274,0.08537801777373463,0.0018962004363657736,0.06477759401890133,0.8295275144211882,0.8785016564190241,0.036205377636768274,0.08537801777373463,0.0018962004363657736,0.06477759401890133,1.0,0.9999999989897728,0.9999999989897728,0.0,9.165656729814842e-06,9.165656729814842e-06,0.0,0.005109490209971312
camels_14316700,0.8628734064795693,0.8821981785126178,0.03249147813653849,0.05324036634959749,0.001550625690823878,0.03833581177748241,0.8628734064795693,0.8821981785126178,0.03249147813653849,0.05324036634959749,0.001550625690823878,0.03833581177748241,0.862870632361851,0.8822186316284002,0.03249147813653849,0.05324036634959749,0.001550625690823878,0.03833581177748241,0.9999999999999998,0.9999999990668107,0.9999999990668107,0.0,8.590423458798568e-06,8.590423458798568e-06,0.0,0.002748551080761885
camels_14325000,0.8672478043286564,0.930771371272997,0.02966944402420013,0.06024786463615619,0.0016604630748833895,0.04374678420246735,0.8672478043286564,0.930771371272997,0.02966944402420013,0.06024786463615619,0.0016604630748833895,0.04374678420246735,0.8672430149788484,0.9307755295802351,0.02966944402420013,0.06024786463615619,0.0016604630748833895,0.04374678420246735,1.0,0.9999999988949431,0.9999999988949431,0.0,1.8955435764134165e-05,1.8955435764134165e-05,0.0,0.008559683274363294
camels_14400000,0.829298445824729,0.8750493269303529,0.025106960861484614,0.03454641841246197,0.0013281466752955687,0.02166847321856578,0.829298445824729,0.8750493269303529,0.025106960861484614,0.03454641841246197,0.0013281466752955687,0.02166847321856578,0.8293149251604471,0.8750664618105793,0.025106960861484614,0.03454641841246197,0.0013281466752955687,0.02166847321856578,1.0,0.9999999983888735,0.9999999983888735,0.0,3.31091546512674e-05,3.31091546512674e-05,0.0,0.01405954735520254
